scene_id,scene_key,dataset,source_group,format,depth_kind,pose_kind,eligible_frame_count,full_count,hard_subset_count,scene_root
DL3DV-ALL-480P__10K_extracted__9768df683fa3ee444847b68663c3d5a29b76b65c0ff3c554fa39086c1d9b595a,DL3DV-ALL-480P/10K_extracted/9768df683fa3ee444847b68663c3d5a29b76b65c0ff3c554fa39086c1d9b595a,DL3DV-ALL-480P,DL3DV-ALL-480P,nerf_transforms_images8_colmap_depth,colmap_photometric_bin,transforms_json_opengl_c2w,80,80,12,/home/m/dataset/ltm_datasets/DL3DV-ALL-480P/10K_extracted/9768df683fa3ee444847b68663c3d5a29b76b65c0ff3c554fa39086c1d9b595a
DL3DV-ALL-480P__10K_extracted__9a7ca7a8a88fe13344de03c1530c00694fb357c0c39ed17bf6fada778700e5cd,DL3DV-ALL-480P/10K_extracted/9a7ca7a8a88fe13344de03c1530c00694fb357c0c39ed17bf6fada778700e5cd,DL3DV-ALL-480P,DL3DV-ALL-480P,nerf_transforms_images8_colmap_depth,colmap_photometric_bin,transforms_json_opengl_c2w,80,80,12,/home/m/dataset/ltm_datasets/DL3DV-ALL-480P/10K_extracted/9a7ca7a8a88fe13344de03c1530c00694fb357c0c39ed17bf6fada778700e5cd
DL3DV-ALL-480P__10K_extracted__9aecb53581ecf1e7eda93a6e904c236e9398673d0ec461fa43faee019456e4d4,DL3DV-ALL-480P/10K_extracted/9aecb53581ecf1e7eda93a6e904c236e9398673d0ec461fa43faee019456e4d4,DL3DV-ALL-480P,DL3DV-ALL-480P,nerf_transforms_images8_colmap_depth,colmap_photometric_bin,transforms_json_opengl_c2w,80,80,12,/home/m/dataset/ltm_datasets/DL3DV-ALL-480P/10K_extracted/9aecb53581ecf1e7eda93a6e904c236e9398673d0ec461fa43faee019456e4d4
DL3DV-ALL-480P__10K_extracted__9b62ee3f52f362039601de514dade5956a3b5276199f6496e9f909e5d5cf188f,DL3DV-ALL-480P/10K_extracted/9b62ee3f52f362039601de514dade5956a3b5276199f6496e9f909e5d5cf188f,DL3DV-ALL-480P,DL3DV-ALL-480P,nerf_transforms_images8_colmap_depth,colmap_photometric_bin,transforms_json_opengl_c2w,80,80,12,/home/m/dataset/ltm_datasets/DL3DV-ALL-480P/10K_extracted/9b62ee3f52f362039601de514dade5956a3b5276199f6496e9f909e5d5cf188f
DL3DV-ALL-480P__10K_extracted__a01682b2c3a7207ff327e68172a0e216737bccc7f6abceb25529e6783f319126,DL3DV-ALL-480P/10K_extracted/a01682b2c3a7207ff327e68172a0e216737bccc7f6abceb25529e6783f319126,DL3DV-ALL-480P,DL3DV-ALL-480P,nerf_transforms_images8_colmap_depth,colmap_photometric_bin,transforms_json_opengl_c2w,80,80,12,/home/m/dataset/ltm_datasets/DL3DV-ALL-480P/10K_extracted/a01682b2c3a7207ff327e68172a0e216737bccc7f6abceb25529e6783f319126
DL3DV-ALL-480P__10K_extracted__a2b8bf8ef41de5a38979ff141aa3f36329942802214b8e446782cea16e65f7e2,DL3DV-ALL-480P/10K_extracted/a2b8bf8ef41de5a38979ff141aa3f36329942802214b8e446782cea16e65f7e2,DL3DV-ALL-480P,DL3DV-ALL-480P,nerf_transforms_images8_colmap_depth,colmap_photometric_bin,transforms_json_opengl_c2w,80,80,12,/home/m/dataset/ltm_datasets/DL3DV-ALL-480P/10K_extracted/a2b8bf8ef41de5a38979ff141aa3f36329942802214b8e446782cea16e65f7e2
DL3DV-ALL-480P__10K_extracted__a3172899c70869cf24df34dee93731367e561206161dccef0c1af7e74a1ad688,DL3DV-ALL-480P/10K_extracted/a3172899c70869cf24df34dee93731367e561206161dccef0c1af7e74a1ad688,DL3DV-ALL-480P,DL3DV-ALL-480P,nerf_transforms_images8_colmap_depth,colmap_photometric_bin,transforms_json_opengl_c2w,80,80,12,/home/m/dataset/ltm_datasets/DL3DV-ALL-480P/10K_extracted/a3172899c70869cf24df34dee93731367e561206161dccef0c1af7e74a1ad688
DL3DV-ALL-480P__10K_extracted__a48925bc8ab540cb8c3875177f6c472077278235d5d8a64b8fd0a6f953347fff,DL3DV-ALL-480P/10K_extracted/a48925bc8ab540cb8c3875177f6c472077278235d5d8a64b8fd0a6f953347fff,DL3DV-ALL-480P,DL3DV-ALL-480P,nerf_transforms_images8_colmap_depth,colmap_photometric_bin,transforms_json_opengl_c2w,80,80,12,/home/m/dataset/ltm_datasets/DL3DV-ALL-480P/10K_extracted/a48925bc8ab540cb8c3875177f6c472077278235d5d8a64b8fd0a6f953347fff
DL3DV-ALL-480P__10K_extracted__a8a3f33cff42071087e9ecc7c223ffd8bf1061c3f67544041eeea3dba7b36bc4,DL3DV-ALL-480P/10K_extracted/a8a3f33cff42071087e9ecc7c223ffd8bf1061c3f67544041eeea3dba7b36bc4,DL3DV-ALL-480P,DL3DV-ALL-480P,nerf_transforms_images8_colmap_depth,colmap_photometric_bin,transforms_json_opengl_c2w,80,80,12,/home/m/dataset/ltm_datasets/DL3DV-ALL-480P/10K_extracted/a8a3f33cff42071087e9ecc7c223ffd8bf1061c3f67544041eeea3dba7b36bc4
DL3DV-ALL-480P__10K_extracted__a9fd4a154b08d8dbf1b873181f3221d2c5a11208ae3774c93ef5903da6a91de9,DL3DV-ALL-480P/10K_extracted/a9fd4a154b08d8dbf1b873181f3221d2c5a11208ae3774c93ef5903da6a91de9,DL3DV-ALL-480P,DL3DV-ALL-480P,nerf_transforms_images8_colmap_depth,colmap_photometric_bin,transforms_json_opengl_c2w,80,80,12,/home/m/dataset/ltm_datasets/DL3DV-ALL-480P/10K_extracted/a9fd4a154b08d8dbf1b873181f3221d2c5a11208ae3774c93ef5903da6a91de9
DL3DV-ALL-480P__10K_extracted__aacd0400466c5af9454fe7a26126e0591cfa355aeb93820d81c6033a2eeee4a9,DL3DV-ALL-480P/10K_extracted/aacd0400466c5af9454fe7a26126e0591cfa355aeb93820d81c6033a2eeee4a9,DL3DV-ALL-480P,DL3DV-ALL-480P,nerf_transforms_images8_colmap_depth,colmap_photometric_bin,transforms_json_opengl_c2w,80,80,12,/home/m/dataset/ltm_datasets/DL3DV-ALL-480P/10K_extracted/aacd0400466c5af9454fe7a26126e0591cfa355aeb93820d81c6033a2eeee4a9
DL3DV-ALL-480P__10K_extracted__abf1a7207d2ab6578cc2ed23fea23a55707e4e323c9f2cdf988186637ea970c8,DL3DV-ALL-480P/10K_extracted/abf1a7207d2ab6578cc2ed23fea23a55707e4e323c9f2cdf988186637ea970c8,DL3DV-ALL-480P,DL3DV-ALL-480P,nerf_transforms_images8_colmap_depth,colmap_photometric_bin,transforms_json_opengl_c2w,80,80,12,/home/m/dataset/ltm_datasets/DL3DV-ALL-480P/10K_extracted/abf1a7207d2ab6578cc2ed23fea23a55707e4e323c9f2cdf988186637ea970c8
DL3DV-ALL-480P__10K_extracted__ae1c989bc6b416e5e5d0591693e83fc4062be54c3eed6fae9f8ea9d07dc4926f,DL3DV-ALL-480P/10K_extracted/ae1c989bc6b416e5e5d0591693e83fc4062be54c3eed6fae9f8ea9d07dc4926f,DL3DV-ALL-480P,DL3DV-ALL-480P,nerf_transforms_images8_colmap_depth,colmap_photometric_bin,transforms_json_opengl_c2w,80,80,12,/home/m/dataset/ltm_datasets/DL3DV-ALL-480P/10K_extracted/ae1c989bc6b416e5e5d0591693e83fc4062be54c3eed6fae9f8ea9d07dc4926f
DL3DV-ALL-480P__10K_extracted__ae8baff72c36f0bca035519cf6827b25314ae0febae1c5857dcd70066239ff21,DL3DV-ALL-480P/10K_extracted/ae8baff72c36f0bca035519cf6827b25314ae0febae1c5857dcd70066239ff21,DL3DV-ALL-480P,DL3DV-ALL-480P,nerf_transforms_images8_colmap_depth,colmap_photometric_bin,transforms_json_opengl_c2w,80,80,12,/home/m/dataset/ltm_datasets/DL3DV-ALL-480P/10K_extracted/ae8baff72c36f0bca035519cf6827b25314ae0febae1c5857dcd70066239ff21
DL3DV-ALL-480P__10K_extracted__afadb6b8d7dff350c5ea6726737880b52ddfde45b084d2c3feb6892049e6b7c7,DL3DV-ALL-480P/10K_extracted/afadb6b8d7dff350c5ea6726737880b52ddfde45b084d2c3feb6892049e6b7c7,DL3DV-ALL-480P,DL3DV-ALL-480P,nerf_transforms_images8_colmap_depth,colmap_photometric_bin,transforms_json_opengl_c2w,80,80,12,/home/m/dataset/ltm_datasets/DL3DV-ALL-480P/10K_extracted/afadb6b8d7dff350c5ea6726737880b52ddfde45b084d2c3feb6892049e6b7c7
DL3DV-ALL-480P__10K_extracted__b040259c1a5b12a1bef5ded7d40249dd9531fd4221c2f38be4909333da2f3869,DL3DV-ALL-480P/10K_extracted/b040259c1a5b12a1bef5ded7d40249dd9531fd4221c2f38be4909333da2f3869,DL3DV-ALL-480P,DL3DV-ALL-480P,nerf_transforms_images8_colmap_depth,colmap_photometric_bin,transforms_json_opengl_c2w,80,80,12,/home/m/dataset/ltm_datasets/DL3DV-ALL-480P/10K_extracted/b040259c1a5b12a1bef5ded7d40249dd9531fd4221c2f38be4909333da2f3869
DL3DV-ALL-480P__10K_extracted__b254ff35d4593e89ffdef6933fe1416c5f2bbf6ee6e2610aec4558ea029ac8bc,DL3DV-ALL-480P/10K_extracted/b254ff35d4593e89ffdef6933fe1416c5f2bbf6ee6e2610aec4558ea029ac8bc,DL3DV-ALL-480P,DL3DV-ALL-480P,nerf_transforms_images8_colmap_depth,colmap_photometric_bin,transforms_json_opengl_c2w,80,80,12,/home/m/dataset/ltm_datasets/DL3DV-ALL-480P/10K_extracted/b254ff35d4593e89ffdef6933fe1416c5f2bbf6ee6e2610aec4558ea029ac8bc
DL3DV-ALL-480P__10K_extracted__b35b1d62b503a1ce7b7576764e30e73546904457963cdd6a16a0ee4ee4b34c4b,DL3DV-ALL-480P/10K_extracted/b35b1d62b503a1ce7b7576764e30e73546904457963cdd6a16a0ee4ee4b34c4b,DL3DV-ALL-480P,DL3DV-ALL-480P,nerf_transforms_images8_colmap_depth,colmap_photometric_bin,transforms_json_opengl_c2w,80,80,12,/home/m/dataset/ltm_datasets/DL3DV-ALL-480P/10K_extracted/b35b1d62b503a1ce7b7576764e30e73546904457963cdd6a16a0ee4ee4b34c4b
DL3DV-ALL-480P__10K_extracted__b5e4a3b1acb45c42f9dacaaa41cefe202e150525458eac37d34781ed65cb7a77,DL3DV-ALL-480P/10K_extracted/b5e4a3b1acb45c42f9dacaaa41cefe202e150525458eac37d34781ed65cb7a77,DL3DV-ALL-480P,DL3DV-ALL-480P,nerf_transforms_images8_colmap_depth,colmap_photometric_bin,transforms_json_opengl_c2w,80,80,12,/home/m/dataset/ltm_datasets/DL3DV-ALL-480P/10K_extracted/b5e4a3b1acb45c42f9dacaaa41cefe202e150525458eac37d34781ed65cb7a77
DL3DV-ALL-480P__10K_extracted__b5faa2a8ce980030125717352086bf9ec16c5d994bae3b3a732da3eb67cf4fa8,DL3DV-ALL-480P/10K_extracted/b5faa2a8ce980030125717352086bf9ec16c5d994bae3b3a732da3eb67cf4fa8,DL3DV-ALL-480P,DL3DV-ALL-480P,nerf_transforms_images8_colmap_depth,colmap_photometric_bin,transforms_json_opengl_c2w,80,80,12,/home/m/dataset/ltm_datasets/DL3DV-ALL-480P/10K_extracted/b5faa2a8ce980030125717352086bf9ec16c5d994bae3b3a732da3eb67cf4fa8
DL3DV-ALL-480P__10K_extracted__b685bfdba04b73790af9e5339bb384391847c0ab59d9bd0028077ded5a3061cd,DL3DV-ALL-480P/10K_extracted/b685bfdba04b73790af9e5339bb384391847c0ab59d9bd0028077ded5a3061cd,DL3DV-ALL-480P,DL3DV-ALL-480P,nerf_transforms_images8_colmap_depth,colmap_photometric_bin,transforms_json_opengl_c2w,80,80,12,/home/m/dataset/ltm_datasets/DL3DV-ALL-480P/10K_extracted/b685bfdba04b73790af9e5339bb384391847c0ab59d9bd0028077ded5a3061cd
DL3DV-ALL-480P__10K_extracted__b945a6c6a02ca66eed75438c495680775146cc829eccee23bda39e6147e8e008,DL3DV-ALL-480P/10K_extracted/b945a6c6a02ca66eed75438c495680775146cc829eccee23bda39e6147e8e008,DL3DV-ALL-480P,DL3DV-ALL-480P,nerf_transforms_images8_colmap_depth,colmap_photometric_bin,transforms_json_opengl_c2w,80,80,12,/home/m/dataset/ltm_datasets/DL3DV-ALL-480P/10K_extracted/b945a6c6a02ca66eed75438c495680775146cc829eccee23bda39e6147e8e008
DL3DV-ALL-480P__10K_extracted__ba68c7f2fe93dbddc96fa5089c390f8ccc0b2ddf9cf01dc08088e81ecab0c3fe,DL3DV-ALL-480P/10K_extracted/ba68c7f2fe93dbddc96fa5089c390f8ccc0b2ddf9cf01dc08088e81ecab0c3fe,DL3DV-ALL-480P,DL3DV-ALL-480P,nerf_transforms_images8_colmap_depth,colmap_photometric_bin,transforms_json_opengl_c2w,80,80,12,/home/m/dataset/ltm_datasets/DL3DV-ALL-480P/10K_extracted/ba68c7f2fe93dbddc96fa5089c390f8ccc0b2ddf9cf01dc08088e81ecab0c3fe
DL3DV-ALL-480P__10K_extracted__ba8581df3b7752a25c1bdddbbf196c1af402af76baae9b38526e76a59fccb54a,DL3DV-ALL-480P/10K_extracted/ba8581df3b7752a25c1bdddbbf196c1af402af76baae9b38526e76a59fccb54a,DL3DV-ALL-480P,DL3DV-ALL-480P,nerf_transforms_images8_colmap_depth,colmap_photometric_bin,transforms_json_opengl_c2w,80,80,12,/home/m/dataset/ltm_datasets/DL3DV-ALL-480P/10K_extracted/ba8581df3b7752a25c1bdddbbf196c1af402af76baae9b38526e76a59fccb54a
DL3DV-ALL-480P__10K_extracted__bc76e1041b601426b81c404a64949efe3c739636a6b6f20ec13cce4bbe899f81,DL3DV-ALL-480P/10K_extracted/bc76e1041b601426b81c404a64949efe3c739636a6b6f20ec13cce4bbe899f81,DL3DV-ALL-480P,DL3DV-ALL-480P,nerf_transforms_images8_colmap_depth,colmap_photometric_bin,transforms_json_opengl_c2w,80,80,12,/home/m/dataset/ltm_datasets/DL3DV-ALL-480P/10K_extracted/bc76e1041b601426b81c404a64949efe3c739636a6b6f20ec13cce4bbe899f81
DL3DV-ALL-480P__10K_extracted__bd002aa7e8f8923056e72761627f094e2578c81202f55436a4b44b5fb5b241ac,DL3DV-ALL-480P/10K_extracted/bd002aa7e8f8923056e72761627f094e2578c81202f55436a4b44b5fb5b241ac,DL3DV-ALL-480P,DL3DV-ALL-480P,nerf_transforms_images8_colmap_depth,colmap_photometric_bin,transforms_json_opengl_c2w,80,80,12,/home/m/dataset/ltm_datasets/DL3DV-ALL-480P/10K_extracted/bd002aa7e8f8923056e72761627f094e2578c81202f55436a4b44b5fb5b241ac
DL3DV-ALL-480P__10K_extracted__bd492fe2231e22ecc677493ee5a5c54029c3ffc60f095ff056791ee0188da8d5,DL3DV-ALL-480P/10K_extracted/bd492fe2231e22ecc677493ee5a5c54029c3ffc60f095ff056791ee0188da8d5,DL3DV-ALL-480P,DL3DV-ALL-480P,nerf_transforms_images8_colmap_depth,colmap_photometric_bin,transforms_json_opengl_c2w,80,80,12,/home/m/dataset/ltm_datasets/DL3DV-ALL-480P/10K_extracted/bd492fe2231e22ecc677493ee5a5c54029c3ffc60f095ff056791ee0188da8d5
DL3DV-ALL-480P__10K_extracted__bed5938420dfff8b291c79125850dd61badaafe7785e01efcb42a29ff057428a,DL3DV-ALL-480P/10K_extracted/bed5938420dfff8b291c79125850dd61badaafe7785e01efcb42a29ff057428a,DL3DV-ALL-480P,DL3DV-ALL-480P,nerf_transforms_images8_colmap_depth,colmap_photometric_bin,transforms_json_opengl_c2w,80,80,12,/home/m/dataset/ltm_datasets/DL3DV-ALL-480P/10K_extracted/bed5938420dfff8b291c79125850dd61badaafe7785e01efcb42a29ff057428a
DL3DV-ALL-480P__10K_extracted__c20e19e353e0346b69834b0e23bf13caf6c122e8dd7a302b014a0de74e6c8fc1,DL3DV-ALL-480P/10K_extracted/c20e19e353e0346b69834b0e23bf13caf6c122e8dd7a302b014a0de74e6c8fc1,DL3DV-ALL-480P,DL3DV-ALL-480P,nerf_transforms_images8_colmap_depth,colmap_photometric_bin,transforms_json_opengl_c2w,80,80,12,/home/m/dataset/ltm_datasets/DL3DV-ALL-480P/10K_extracted/c20e19e353e0346b69834b0e23bf13caf6c122e8dd7a302b014a0de74e6c8fc1
DL3DV-ALL-480P__10K_extracted__c61a46b036e8849ec35b8d0f6895a353c276d4616ba9b6773c923d40e04a9350,DL3DV-ALL-480P/10K_extracted/c61a46b036e8849ec35b8d0f6895a353c276d4616ba9b6773c923d40e04a9350,DL3DV-ALL-480P,DL3DV-ALL-480P,nerf_transforms_images8_colmap_depth,colmap_photometric_bin,transforms_json_opengl_c2w,80,80,12,/home/m/dataset/ltm_datasets/DL3DV-ALL-480P/10K_extracted/c61a46b036e8849ec35b8d0f6895a353c276d4616ba9b6773c923d40e04a9350
DL3DV-ALL-480P__10K_extracted__c842c15f1598e1bc46fdabbbb9e39572db4500c61989979d36648ddc84273309,DL3DV-ALL-480P/10K_extracted/c842c15f1598e1bc46fdabbbb9e39572db4500c61989979d36648ddc84273309,DL3DV-ALL-480P,DL3DV-ALL-480P,nerf_transforms_images8_colmap_depth,colmap_photometric_bin,transforms_json_opengl_c2w,80,80,12,/home/m/dataset/ltm_datasets/DL3DV-ALL-480P/10K_extracted/c842c15f1598e1bc46fdabbbb9e39572db4500c61989979d36648ddc84273309
DL3DV-ALL-480P__10K_extracted__ca25b58ca7433c6bef7dfb1e572cda77f80eaad3b28b963f291ecebe1f466a0e,DL3DV-ALL-480P/10K_extracted/ca25b58ca7433c6bef7dfb1e572cda77f80eaad3b28b963f291ecebe1f466a0e,DL3DV-ALL-480P,DL3DV-ALL-480P,nerf_transforms_images8_colmap_depth,colmap_photometric_bin,transforms_json_opengl_c2w,80,80,12,/home/m/dataset/ltm_datasets/DL3DV-ALL-480P/10K_extracted/ca25b58ca7433c6bef7dfb1e572cda77f80eaad3b28b963f291ecebe1f466a0e
DL3DV-ALL-480P__10K_extracted__cbc98249db44049f5411362174573c7fc5a9ca3b3f94e68cdb5fbdcf2defdebc,DL3DV-ALL-480P/10K_extracted/cbc98249db44049f5411362174573c7fc5a9ca3b3f94e68cdb5fbdcf2defdebc,DL3DV-ALL-480P,DL3DV-ALL-480P,nerf_transforms_images8_colmap_depth,colmap_photometric_bin,transforms_json_opengl_c2w,80,80,12,/home/m/dataset/ltm_datasets/DL3DV-ALL-480P/10K_extracted/cbc98249db44049f5411362174573c7fc5a9ca3b3f94e68cdb5fbdcf2defdebc
DL3DV-ALL-480P__10K_extracted__cd7acad3fac79ea97b0cb3c1851e4346997076964e77318e93bf6be9da80ccdf,DL3DV-ALL-480P/10K_extracted/cd7acad3fac79ea97b0cb3c1851e4346997076964e77318e93bf6be9da80ccdf,DL3DV-ALL-480P,DL3DV-ALL-480P,nerf_transforms_images8_colmap_depth,colmap_photometric_bin,transforms_json_opengl_c2w,80,80,12,/home/m/dataset/ltm_datasets/DL3DV-ALL-480P/10K_extracted/cd7acad3fac79ea97b0cb3c1851e4346997076964e77318e93bf6be9da80ccdf
DL3DV-ALL-480P__10K_extracted__cdffadd29d52c9479f91401e48a9479e235f18c2efa5f5cfc46190dd8bd8ea65,DL3DV-ALL-480P/10K_extracted/cdffadd29d52c9479f91401e48a9479e235f18c2efa5f5cfc46190dd8bd8ea65,DL3DV-ALL-480P,DL3DV-ALL-480P,nerf_transforms_images8_colmap_depth,colmap_photometric_bin,transforms_json_opengl_c2w,80,80,12,/home/m/dataset/ltm_datasets/DL3DV-ALL-480P/10K_extracted/cdffadd29d52c9479f91401e48a9479e235f18c2efa5f5cfc46190dd8bd8ea65
DL3DV-ALL-480P__10K_extracted__d10553b0d5abc9865ffbed5a0e4a36e6700ed64d2d424f62c8405a6396e7655d,DL3DV-ALL-480P/10K_extracted/d10553b0d5abc9865ffbed5a0e4a36e6700ed64d2d424f62c8405a6396e7655d,DL3DV-ALL-480P,DL3DV-ALL-480P,nerf_transforms_images8_colmap_depth,colmap_photometric_bin,transforms_json_opengl_c2w,80,80,12,/home/m/dataset/ltm_datasets/DL3DV-ALL-480P/10K_extracted/d10553b0d5abc9865ffbed5a0e4a36e6700ed64d2d424f62c8405a6396e7655d
DL3DV-ALL-480P__10K_extracted__d17ac70230d9f8f353a307a761b9530d53259af498ce4c6d9ce78899622f9c42,DL3DV-ALL-480P/10K_extracted/d17ac70230d9f8f353a307a761b9530d53259af498ce4c6d9ce78899622f9c42,DL3DV-ALL-480P,DL3DV-ALL-480P,nerf_transforms_images8_colmap_depth,colmap_photometric_bin,transforms_json_opengl_c2w,80,80,12,/home/m/dataset/ltm_datasets/DL3DV-ALL-480P/10K_extracted/d17ac70230d9f8f353a307a761b9530d53259af498ce4c6d9ce78899622f9c42
DL3DV-ALL-480P__10K_extracted__d29560044b6c223d2fb866505b5be076d0b7c17ef879bc5484bcdae8815af353,DL3DV-ALL-480P/10K_extracted/d29560044b6c223d2fb866505b5be076d0b7c17ef879bc5484bcdae8815af353,DL3DV-ALL-480P,DL3DV-ALL-480P,nerf_transforms_images8_colmap_depth,colmap_photometric_bin,transforms_json_opengl_c2w,80,80,12,/home/m/dataset/ltm_datasets/DL3DV-ALL-480P/10K_extracted/d29560044b6c223d2fb866505b5be076d0b7c17ef879bc5484bcdae8815af353
DL3DV-ALL-480P__10K_extracted__d62651109fabc1c1365b0f7d801844f620ee5770c919763b7423098bab4dc5ae,DL3DV-ALL-480P/10K_extracted/d62651109fabc1c1365b0f7d801844f620ee5770c919763b7423098bab4dc5ae,DL3DV-ALL-480P,DL3DV-ALL-480P,nerf_transforms_images8_colmap_depth,colmap_photometric_bin,transforms_json_opengl_c2w,80,80,12,/home/m/dataset/ltm_datasets/DL3DV-ALL-480P/10K_extracted/d62651109fabc1c1365b0f7d801844f620ee5770c919763b7423098bab4dc5ae
DL3DV-ALL-480P__10K_extracted__d67ebf21a201b33b5fd90040193960c23145df13c7bb5c5992d29c41232e1652,DL3DV-ALL-480P/10K_extracted/d67ebf21a201b33b5fd90040193960c23145df13c7bb5c5992d29c41232e1652,DL3DV-ALL-480P,DL3DV-ALL-480P,nerf_transforms_images8_colmap_depth,colmap_photometric_bin,transforms_json_opengl_c2w,80,80,12,/home/m/dataset/ltm_datasets/DL3DV-ALL-480P/10K_extracted/d67ebf21a201b33b5fd90040193960c23145df13c7bb5c5992d29c41232e1652
DL3DV-ALL-480P__10K_extracted__d73a11c61417e712a228dc3c86d0719493b8878ddb16a52f787db6d0925f54ea,DL3DV-ALL-480P/10K_extracted/d73a11c61417e712a228dc3c86d0719493b8878ddb16a52f787db6d0925f54ea,DL3DV-ALL-480P,DL3DV-ALL-480P,nerf_transforms_images8_colmap_depth,colmap_photometric_bin,transforms_json_opengl_c2w,80,80,12,/home/m/dataset/ltm_datasets/DL3DV-ALL-480P/10K_extracted/d73a11c61417e712a228dc3c86d0719493b8878ddb16a52f787db6d0925f54ea
DL3DV-ALL-480P__10K_extracted__d81534b0e3a5a237dec936b31d7f83d8a45913fc92c1b472910a61a4d9a027f8,DL3DV-ALL-480P/10K_extracted/d81534b0e3a5a237dec936b31d7f83d8a45913fc92c1b472910a61a4d9a027f8,DL3DV-ALL-480P,DL3DV-ALL-480P,nerf_transforms_images8_colmap_depth,colmap_photometric_bin,transforms_json_opengl_c2w,80,80,12,/home/m/dataset/ltm_datasets/DL3DV-ALL-480P/10K_extracted/d81534b0e3a5a237dec936b31d7f83d8a45913fc92c1b472910a61a4d9a027f8
DL3DV-ALL-480P__10K_extracted__da2a18a94405b36a6493309b5bd90f78bc4c9911deeb925c7013a49d1e068baf,DL3DV-ALL-480P/10K_extracted/da2a18a94405b36a6493309b5bd90f78bc4c9911deeb925c7013a49d1e068baf,DL3DV-ALL-480P,DL3DV-ALL-480P,nerf_transforms_images8_colmap_depth,colmap_photometric_bin,transforms_json_opengl_c2w,80,80,12,/home/m/dataset/ltm_datasets/DL3DV-ALL-480P/10K_extracted/da2a18a94405b36a6493309b5bd90f78bc4c9911deeb925c7013a49d1e068baf
DL3DV-ALL-480P__10K_extracted__dcef28b8c9ffa80336c8884fbf2d841e9b785115ec65b3c0f86bde25c3208d19,DL3DV-ALL-480P/10K_extracted/dcef28b8c9ffa80336c8884fbf2d841e9b785115ec65b3c0f86bde25c3208d19,DL3DV-ALL-480P,DL3DV-ALL-480P,nerf_transforms_images8_colmap_depth,colmap_photometric_bin,transforms_json_opengl_c2w,80,80,12,/home/m/dataset/ltm_datasets/DL3DV-ALL-480P/10K_extracted/dcef28b8c9ffa80336c8884fbf2d841e9b785115ec65b3c0f86bde25c3208d19
DL3DV-ALL-480P__10K_extracted__dda20531d26b3d24606f24c03c783b1518834fc9903b58d8481692233476e46f,DL3DV-ALL-480P/10K_extracted/dda20531d26b3d24606f24c03c783b1518834fc9903b58d8481692233476e46f,DL3DV-ALL-480P,DL3DV-ALL-480P,nerf_transforms_images8_colmap_depth,colmap_photometric_bin,transforms_json_opengl_c2w,80,80,12,/home/m/dataset/ltm_datasets/DL3DV-ALL-480P/10K_extracted/dda20531d26b3d24606f24c03c783b1518834fc9903b58d8481692233476e46f
DL3DV-ALL-480P__10K_extracted__e23d1a78e487e872d4fb9b51a0e546b824c59a4d11193e388563f33d8d31b5ab,DL3DV-ALL-480P/10K_extracted/e23d1a78e487e872d4fb9b51a0e546b824c59a4d11193e388563f33d8d31b5ab,DL3DV-ALL-480P,DL3DV-ALL-480P,nerf_transforms_images8_colmap_depth,colmap_photometric_bin,transforms_json_opengl_c2w,80,80,12,/home/m/dataset/ltm_datasets/DL3DV-ALL-480P/10K_extracted/e23d1a78e487e872d4fb9b51a0e546b824c59a4d11193e388563f33d8d31b5ab
DL3DV-ALL-480P__10K_extracted__e255e4b689c924ec10a78d0ec014cbf730811f198c77b986e9a5d8dc4213bf1e,DL3DV-ALL-480P/10K_extracted/e255e4b689c924ec10a78d0ec014cbf730811f198c77b986e9a5d8dc4213bf1e,DL3DV-ALL-480P,DL3DV-ALL-480P,nerf_transforms_images8_colmap_depth,colmap_photometric_bin,transforms_json_opengl_c2w,80,80,12,/home/m/dataset/ltm_datasets/DL3DV-ALL-480P/10K_extracted/e255e4b689c924ec10a78d0ec014cbf730811f198c77b986e9a5d8dc4213bf1e
DL3DV-ALL-480P__10K_extracted__e3181b8a25dd09aa4801705c5761762903dffd7275d4f20a64be24924c0730f3,DL3DV-ALL-480P/10K_extracted/e3181b8a25dd09aa4801705c5761762903dffd7275d4f20a64be24924c0730f3,DL3DV-ALL-480P,DL3DV-ALL-480P,nerf_transforms_images8_colmap_depth,colmap_photometric_bin,transforms_json_opengl_c2w,80,80,12,/home/m/dataset/ltm_datasets/DL3DV-ALL-480P/10K_extracted/e3181b8a25dd09aa4801705c5761762903dffd7275d4f20a64be24924c0730f3
DL3DV-ALL-480P__10K_extracted__e421899bc588fb91961d1a68943607a02334c77a42094522ee985b1607a6f841,DL3DV-ALL-480P/10K_extracted/e421899bc588fb91961d1a68943607a02334c77a42094522ee985b1607a6f841,DL3DV-ALL-480P,DL3DV-ALL-480P,nerf_transforms_images8_colmap_depth,colmap_photometric_bin,transforms_json_opengl_c2w,80,80,12,/home/m/dataset/ltm_datasets/DL3DV-ALL-480P/10K_extracted/e421899bc588fb91961d1a68943607a02334c77a42094522ee985b1607a6f841
DL3DV-ALL-480P__10K_extracted__e4d7354b7fd57f953af90d1290fa772c49a500e1262013e66f9f593bd5ec9eca,DL3DV-ALL-480P/10K_extracted/e4d7354b7fd57f953af90d1290fa772c49a500e1262013e66f9f593bd5ec9eca,DL3DV-ALL-480P,DL3DV-ALL-480P,nerf_transforms_images8_colmap_depth,colmap_photometric_bin,transforms_json_opengl_c2w,80,80,12,/home/m/dataset/ltm_datasets/DL3DV-ALL-480P/10K_extracted/e4d7354b7fd57f953af90d1290fa772c49a500e1262013e66f9f593bd5ec9eca
wildrgbd_harrison__apple__scene_033,wildrgbd_harrison/apple/scene_033,wildrgbd_harrison,wildrgbd_harrison:apple,wildrgbd_rgb_depth_npz_pose,sensor_depth_png,npz_camera_pose,100,100,12,/home/m/dataset/ltm_datasets/wildrgbd_harrison/apple/scenes/scene_033
wildrgbd_harrison__apple__scene_072,wildrgbd_harrison/apple/scene_072,wildrgbd_harrison,wildrgbd_harrison:apple,wildrgbd_rgb_depth_npz_pose,sensor_depth_png,npz_camera_pose,100,100,12,/home/m/dataset/ltm_datasets/wildrgbd_harrison/apple/scenes/scene_072
wildrgbd_harrison__ball__scene_272,wildrgbd_harrison/ball/scene_272,wildrgbd_harrison,wildrgbd_harrison:ball,wildrgbd_rgb_depth_npz_pose,sensor_depth_png,npz_camera_pose,100,100,12,/home/m/dataset/ltm_datasets/wildrgbd_harrison/ball/scenes/scene_272
wildrgbd_harrison__ball__scene_275,wildrgbd_harrison/ball/scene_275,wildrgbd_harrison,wildrgbd_harrison:ball,wildrgbd_rgb_depth_npz_pose,sensor_depth_png,npz_camera_pose,100,100,12,/home/m/dataset/ltm_datasets/wildrgbd_harrison/ball/scenes/scene_275
wildrgbd_harrison__banana__scene_090,wildrgbd_harrison/banana/scene_090,wildrgbd_harrison,wildrgbd_harrison:banana,wildrgbd_rgb_depth_npz_pose,sensor_depth_png,npz_camera_pose,100,100,12,/home/m/dataset/ltm_datasets/wildrgbd_harrison/banana/scenes/scene_090
wildrgbd_harrison__book__scene_091,wildrgbd_harrison/book/scene_091,wildrgbd_harrison,wildrgbd_harrison:book,wildrgbd_rgb_depth_npz_pose,sensor_depth_png,npz_camera_pose,100,100,12,/home/m/dataset/ltm_datasets/wildrgbd_harrison/book/scenes/scene_091
wildrgbd_harrison__book__scene_136,wildrgbd_harrison/book/scene_136,wildrgbd_harrison,wildrgbd_harrison:book,wildrgbd_rgb_depth_npz_pose,sensor_depth_png,npz_camera_pose,100,100,12,/home/m/dataset/ltm_datasets/wildrgbd_harrison/book/scenes/scene_136
wildrgbd_harrison__book__scene_365,wildrgbd_harrison/book/scene_365,wildrgbd_harrison,wildrgbd_harrison:book,wildrgbd_rgb_depth_npz_pose,sensor_depth_png,npz_camera_pose,100,100,12,/home/m/dataset/ltm_datasets/wildrgbd_harrison/book/scenes/scene_365
wildrgbd_harrison__bottle__scene_359,wildrgbd_harrison/bottle/scene_359,wildrgbd_harrison,wildrgbd_harrison:bottle,wildrgbd_rgb_depth_npz_pose,sensor_depth_png,npz_camera_pose,100,100,12,/home/m/dataset/ltm_datasets/wildrgbd_harrison/bottle/scenes/scene_359
wildrgbd_harrison__bottle__scene_389,wildrgbd_harrison/bottle/scene_389,wildrgbd_harrison,wildrgbd_harrison:bottle,wildrgbd_rgb_depth_npz_pose,sensor_depth_png,npz_camera_pose,100,100,12,/home/m/dataset/ltm_datasets/wildrgbd_harrison/bottle/scenes/scene_389
wildrgbd_harrison__box__scene_257,wildrgbd_harrison/box/scene_257,wildrgbd_harrison,wildrgbd_harrison:box,wildrgbd_rgb_depth_npz_pose,sensor_depth_png,npz_camera_pose,100,100,12,/home/m/dataset/ltm_datasets/wildrgbd_harrison/box/scenes/scene_257
wildrgbd_harrison__bucket__scene_060,wildrgbd_harrison/bucket/scene_060,wildrgbd_harrison,wildrgbd_harrison:bucket,wildrgbd_rgb_depth_npz_pose,sensor_depth_png,npz_camera_pose,100,100,12,/home/m/dataset/ltm_datasets/wildrgbd_harrison/bucket/scenes/scene_060
wildrgbd_harrison__bucket__scene_155,wildrgbd_harrison/bucket/scene_155,wildrgbd_harrison,wildrgbd_harrison:bucket,wildrgbd_rgb_depth_npz_pose,sensor_depth_png,npz_camera_pose,100,100,12,/home/m/dataset/ltm_datasets/wildrgbd_harrison/bucket/scenes/scene_155
wildrgbd_harrison__bucket__scene_196,wildrgbd_harrison/bucket/scene_196,wildrgbd_harrison,wildrgbd_harrison:bucket,wildrgbd_rgb_depth_npz_pose,sensor_depth_png,npz_camera_pose,100,100,12,/home/m/dataset/ltm_datasets/wildrgbd_harrison/bucket/scenes/scene_196
wildrgbd_harrison__bus__scene_136,wildrgbd_harrison/bus/scene_136,wildrgbd_harrison,wildrgbd_harrison:bus,wildrgbd_rgb_depth_npz_pose,sensor_depth_png,npz_camera_pose,100,100,12,/home/m/dataset/ltm_datasets/wildrgbd_harrison/bus/scenes/scene_136
wildrgbd_harrison__cake__scene_036,wildrgbd_harrison/cake/scene_036,wildrgbd_harrison,wildrgbd_harrison:cake,wildrgbd_rgb_depth_npz_pose,sensor_depth_png,npz_camera_pose,100,100,12,/home/m/dataset/ltm_datasets/wildrgbd_harrison/cake/scenes/scene_036
wildrgbd_harrison__car__scene_024,wildrgbd_harrison/car/scene_024,wildrgbd_harrison,wildrgbd_harrison:car,wildrgbd_rgb_depth_npz_pose,sensor_depth_png,npz_camera_pose,100,100,12,/home/m/dataset/ltm_datasets/wildrgbd_harrison/car/scenes/scene_024
wildrgbd_harrison__car__scene_066,wildrgbd_harrison/car/scene_066,wildrgbd_harrison,wildrgbd_harrison:car,wildrgbd_rgb_depth_npz_pose,sensor_depth_png,npz_camera_pose,100,100,12,/home/m/dataset/ltm_datasets/wildrgbd_harrison/car/scenes/scene_066
wildrgbd_harrison__car__scene_124,wildrgbd_harrison/car/scene_124,wildrgbd_harrison,wildrgbd_harrison:car,wildrgbd_rgb_depth_npz_pose,sensor_depth_png,npz_camera_pose,100,100,12,/home/m/dataset/ltm_datasets/wildrgbd_harrison/car/scenes/scene_124
wildrgbd_harrison__car__scene_127,wildrgbd_harrison/car/scene_127,wildrgbd_harrison,wildrgbd_harrison:car,wildrgbd_rgb_depth_npz_pose,sensor_depth_png,npz_camera_pose,100,100,12,/home/m/dataset/ltm_datasets/wildrgbd_harrison/car/scenes/scene_127
wildrgbd_harrison__carrot__scene_090,wildrgbd_harrison/carrot/scene_090,wildrgbd_harrison,wildrgbd_harrison:carrot,wildrgbd_rgb_depth_npz_pose,sensor_depth_png,npz_camera_pose,100,100,12,/home/m/dataset/ltm_datasets/wildrgbd_harrison/carrot/scenes/scene_090
wildrgbd_harrison__cellphone__scene_053,wildrgbd_harrison/cellphone/scene_053,wildrgbd_harrison,wildrgbd_harrison:cellphone,wildrgbd_rgb_depth_npz_pose,sensor_depth_png,npz_camera_pose,100,100,12,/home/m/dataset/ltm_datasets/wildrgbd_harrison/cellphone/scenes/scene_053
wildrgbd_harrison__chair__scene_371,wildrgbd_harrison/chair/scene_371,wildrgbd_harrison,wildrgbd_harrison:chair,wildrgbd_rgb_depth_npz_pose,sensor_depth_png,npz_camera_pose,100,100,12,/home/m/dataset/ltm_datasets/wildrgbd_harrison/chair/scenes/scene_371
wildrgbd_harrison__clock__scene_010,wildrgbd_harrison/clock/scene_010,wildrgbd_harrison,wildrgbd_harrison:clock,wildrgbd_rgb_depth_npz_pose,sensor_depth_png,npz_camera_pose,100,100,12,/home/m/dataset/ltm_datasets/wildrgbd_harrison/clock/scenes/scene_010
wildrgbd_harrison__clock__scene_161,wildrgbd_harrison/clock/scene_161,wildrgbd_harrison,wildrgbd_harrison:clock,wildrgbd_rgb_depth_npz_pose,sensor_depth_png,npz_camera_pose,100,100,12,/home/m/dataset/ltm_datasets/wildrgbd_harrison/clock/scenes/scene_161
wildrgbd_harrison__cucumber__scene_015,wildrgbd_harrison/cucumber/scene_015,wildrgbd_harrison,wildrgbd_harrison:cucumber,wildrgbd_rgb_depth_npz_pose,sensor_depth_png,npz_camera_pose,100,100,12,/home/m/dataset/ltm_datasets/wildrgbd_harrison/cucumber/scenes/scene_015
wildrgbd_harrison__cucumber__scene_050,wildrgbd_harrison/cucumber/scene_050,wildrgbd_harrison,wildrgbd_harrison:cucumber,wildrgbd_rgb_depth_npz_pose,sensor_depth_png,npz_camera_pose,100,100,12,/home/m/dataset/ltm_datasets/wildrgbd_harrison/cucumber/scenes/scene_050
wildrgbd_harrison__detergent__scene_142,wildrgbd_harrison/detergent/scene_142,wildrgbd_harrison,wildrgbd_harrison:detergent,wildrgbd_rgb_depth_npz_pose,sensor_depth_png,npz_camera_pose,100,100,12,/home/m/dataset/ltm_datasets/wildrgbd_harrison/detergent/scenes/scene_142
wildrgbd_harrison__detergent__scene_332,wildrgbd_harrison/detergent/scene_332,wildrgbd_harrison,wildrgbd_harrison:detergent,wildrgbd_rgb_depth_npz_pose,sensor_depth_png,npz_camera_pose,100,100,12,/home/m/dataset/ltm_datasets/wildrgbd_harrison/detergent/scenes/scene_332
wildrgbd_harrison__donut__scene_120,wildrgbd_harrison/donut/scene_120,wildrgbd_harrison,wildrgbd_harrison:donut,wildrgbd_rgb_depth_npz_pose,sensor_depth_png,npz_camera_pose,100,100,12,/home/m/dataset/ltm_datasets/wildrgbd_harrison/donut/scenes/scene_120
wildrgbd_harrison__donut__scene_122,wildrgbd_harrison/donut/scene_122,wildrgbd_harrison,wildrgbd_harrison:donut,wildrgbd_rgb_depth_npz_pose,sensor_depth_png,npz_camera_pose,100,100,12,/home/m/dataset/ltm_datasets/wildrgbd_harrison/donut/scenes/scene_122
wildrgbd_harrison__hat__scene_471,wildrgbd_harrison/hat/scene_471,wildrgbd_harrison,wildrgbd_harrison:hat,wildrgbd_rgb_depth_npz_pose,sensor_depth_png,npz_camera_pose,100,100,12,/home/m/dataset/ltm_datasets/wildrgbd_harrison/hat/scenes/scene_471
wildrgbd_harrison__knife__scene_296,wildrgbd_harrison/knife/scene_296,wildrgbd_harrison,wildrgbd_harrison:knife,wildrgbd_rgb_depth_npz_pose,sensor_depth_png,npz_camera_pose,100,100,12,/home/m/dataset/ltm_datasets/wildrgbd_harrison/knife/scenes/scene_296
wildrgbd_harrison__knife__scene_457,wildrgbd_harrison/knife/scene_457,wildrgbd_harrison,wildrgbd_harrison:knife,wildrgbd_rgb_depth_npz_pose,sensor_depth_png,npz_camera_pose,100,100,12,/home/m/dataset/ltm_datasets/wildrgbd_harrison/knife/scenes/scene_457
wildrgbd_harrison__microwave__scene_131,wildrgbd_harrison/microwave/scene_131,wildrgbd_harrison,wildrgbd_harrison:microwave,wildrgbd_rgb_depth_npz_pose,sensor_depth_png,npz_camera_pose,100,100,12,/home/m/dataset/ltm_datasets/wildrgbd_harrison/microwave/scenes/scene_131
wildrgbd_harrison__mouse__scene_231,wildrgbd_harrison/mouse/scene_231,wildrgbd_harrison,wildrgbd_harrison:mouse,wildrgbd_rgb_depth_npz_pose,sensor_depth_png,npz_camera_pose,100,100,12,/home/m/dataset/ltm_datasets/wildrgbd_harrison/mouse/scenes/scene_231
wildrgbd_harrison__orange__scene_109,wildrgbd_harrison/orange/scene_109,wildrgbd_harrison,wildrgbd_harrison:orange,wildrgbd_rgb_depth_npz_pose,sensor_depth_png,npz_camera_pose,100,100,12,/home/m/dataset/ltm_datasets/wildrgbd_harrison/orange/scenes/scene_109
wildrgbd_harrison__peach__scene_029,wildrgbd_harrison/peach/scene_029,wildrgbd_harrison,wildrgbd_harrison:peach,wildrgbd_rgb_depth_npz_pose,sensor_depth_png,npz_camera_pose,100,100,12,/home/m/dataset/ltm_datasets/wildrgbd_harrison/peach/scenes/scene_029
wildrgbd_harrison__peach__scene_103,wildrgbd_harrison/peach/scene_103,wildrgbd_harrison,wildrgbd_harrison:peach,wildrgbd_rgb_depth_npz_pose,sensor_depth_png,npz_camera_pose,100,100,12,/home/m/dataset/ltm_datasets/wildrgbd_harrison/peach/scenes/scene_103
wildrgbd_harrison__pear__scene_136,wildrgbd_harrison/pear/scene_136,wildrgbd_harrison,wildrgbd_harrison:pear,wildrgbd_rgb_depth_npz_pose,sensor_depth_png,npz_camera_pose,100,100,12,/home/m/dataset/ltm_datasets/wildrgbd_harrison/pear/scenes/scene_136
wildrgbd_harrison__potato__scene_012,wildrgbd_harrison/potato/scene_012,wildrgbd_harrison,wildrgbd_harrison:potato,wildrgbd_rgb_depth_npz_pose,sensor_depth_png,npz_camera_pose,100,100,12,/home/m/dataset/ltm_datasets/wildrgbd_harrison/potato/scenes/scene_012
wildrgbd_harrison__potato__scene_035,wildrgbd_harrison/potato/scene_035,wildrgbd_harrison,wildrgbd_harrison:potato,wildrgbd_rgb_depth_npz_pose,sensor_depth_png,npz_camera_pose,100,100,12,/home/m/dataset/ltm_datasets/wildrgbd_harrison/potato/scenes/scene_035
wildrgbd_harrison__razor__scene_213,wildrgbd_harrison/razor/scene_213,wildrgbd_harrison,wildrgbd_harrison:razor,wildrgbd_rgb_depth_npz_pose,sensor_depth_png,npz_camera_pose,100,100,12,/home/m/dataset/ltm_datasets/wildrgbd_harrison/razor/scenes/scene_213
wildrgbd_harrison__remote_control__scene_064,wildrgbd_harrison/remote_control/scene_064,wildrgbd_harrison,wildrgbd_harrison:remote_control,wildrgbd_rgb_depth_npz_pose,sensor_depth_png,npz_camera_pose,100,100,12,/home/m/dataset/ltm_datasets/wildrgbd_harrison/remote_control/scenes/scene_064
wildrgbd_harrison__remote_control__scene_138,wildrgbd_harrison/remote_control/scene_138,wildrgbd_harrison,wildrgbd_harrison:remote_control,wildrgbd_rgb_depth_npz_pose,sensor_depth_png,npz_camera_pose,100,100,12,/home/m/dataset/ltm_datasets/wildrgbd_harrison/remote_control/scenes/scene_138
wildrgbd_harrison__remote_control__scene_178,wildrgbd_harrison/remote_control/scene_178,wildrgbd_harrison,wildrgbd_harrison:remote_control,wildrgbd_rgb_depth_npz_pose,sensor_depth_png,npz_camera_pose,100,100,12,/home/m/dataset/ltm_datasets/wildrgbd_harrison/remote_control/scenes/scene_178
wildrgbd_harrison__scissor__scene_022,wildrgbd_harrison/scissor/scene_022,wildrgbd_harrison,wildrgbd_harrison:scissor,wildrgbd_rgb_depth_npz_pose,sensor_depth_png,npz_camera_pose,100,100,12,/home/m/dataset/ltm_datasets/wildrgbd_harrison/scissor/scenes/scene_022
wildrgbd_harrison__scissor__scene_387,wildrgbd_harrison/scissor/scene_387,wildrgbd_harrison,wildrgbd_harrison:scissor,wildrgbd_rgb_depth_npz_pose,sensor_depth_png,npz_camera_pose,100,100,12,/home/m/dataset/ltm_datasets/wildrgbd_harrison/scissor/scenes/scene_387
wildrgbd_harrison__stuffed_toy__scene_364,wildrgbd_harrison/stuffed_toy/scene_364,wildrgbd_harrison,wildrgbd_harrison:stuffed_toy,wildrgbd_rgb_depth_npz_pose,sensor_depth_png,npz_camera_pose,100,100,12,/home/m/dataset/ltm_datasets/wildrgbd_harrison/stuffed_toy/scenes/scene_364
wildrgbd_harrison__stuffed_toy__scene_458,wildrgbd_harrison/stuffed_toy/scene_458,wildrgbd_harrison,wildrgbd_harrison:stuffed_toy,wildrgbd_rgb_depth_npz_pose,sensor_depth_png,npz_camera_pose,100,100,12,/home/m/dataset/ltm_datasets/wildrgbd_harrison/stuffed_toy/scenes/scene_458
