scene_id,method,image_count,register_mean_cosine,psnr,ssim,lpips
db_drjohnson,random_seed000,46,0.974672,22.286993,0.693717,0.303171
db_drjohnson,random_seed001,46,0.988521,22.760183,0.721991,0.283457
db_drjohnson,random_seed002,46,0.984347,21.937275,0.693005,0.317065
db_drjohnson,random_seed003,46,0.986509,23.216753,0.727392,0.27526
db_drjohnson,random_seed004,46,0.984992,21.9359,0.687657,0.310763
db_drjohnson,uniform,46,0.994785,22.748913,0.707712,0.29359
db_playroom,random_seed000,40,0.92243,22.120363,0.756331,0.254317
db_playroom,random_seed001,40,0.997179,21.933681,0.77213,0.243812
db_playroom,random_seed002,40,0.98949,23.411205,0.792273,0.219143
db_playroom,random_seed003,40,0.993413,22.868956,0.779255,0.240075
db_playroom,random_seed004,40,0.979455,23.314613,0.791919,0.231421
db_playroom,uniform,40,0.976614,23.74058,0.799858,0.223649
mipnerf360_bicycle,random_seed000,34,0.987569,20.565269,0.51082,0.371217
mipnerf360_bicycle,random_seed001,34,0.99871,20.106337,0.469851,0.384242
mipnerf360_bicycle,random_seed002,34,0.990638,20.285423,0.49023,0.377103
mipnerf360_bicycle,random_seed003,34,0.989619,20.841036,0.513461,0.364404
mipnerf360_bicycle,random_seed004,34,0.983359,18.96283,0.419531,0.41563
mipnerf360_bicycle,uniform,34,0.996257,19.775152,0.466467,0.388858
mipnerf360_bonsai,random_seed000,51,0.961888,27.937513,0.906525,0.146475
mipnerf360_bonsai,random_seed001,51,0.99795,27.786301,0.903937,0.149501
mipnerf360_bonsai,random_seed002,51,0.969989,27.67189,0.908474,0.148431
mipnerf360_bonsai,random_seed003,51,0.986276,26.899822,0.888649,0.162089
mipnerf360_bonsai,random_seed004,51,0.971542,27.43549,0.892653,0.150779
mipnerf360_bonsai,uniform,51,0.996757,28.988317,0.916686,0.135639
mipnerf360_counter,random_seed000,42,0.981133,24.696026,0.822051,0.189158
mipnerf360_counter,random_seed001,42,0.998243,24.152718,0.811526,0.198917
mipnerf360_counter,random_seed002,42,0.981754,24.579723,0.827256,0.18663
mipnerf360_counter,random_seed003,42,0.97913,23.105387,0.786754,0.213479
mipnerf360_counter,random_seed004,42,0.971612,24.589781,0.824037,0.192134
mipnerf360_counter,uniform,42,0.998071,25.650854,0.852614,0.170977
mipnerf360_flowers,random_seed000,31,0.983067,16.368181,0.371326,0.430561
mipnerf360_flowers,random_seed001,31,0.997643,15.976073,0.344582,0.445599
mipnerf360_flowers,random_seed002,31,0.990401,16.59837,0.379996,0.421708
mipnerf360_flowers,random_seed003,31,0.994057,16.162481,0.363177,0.429152
mipnerf360_flowers,random_seed004,31,0.975503,15.581346,0.339202,0.450978
mipnerf360_flowers,uniform,31,0.997637,16.169456,0.368973,0.430901
mipnerf360_garden,random_seed000,33,0.996302,23.138044,0.731805,0.240438
mipnerf360_garden,random_seed001,33,0.991732,22.850098,0.710128,0.251962
mipnerf360_garden,random_seed002,33,0.997549,23.377222,0.735068,0.238062
mipnerf360_garden,random_seed003,33,0.989827,23.087576,0.723556,0.247775
mipnerf360_garden,random_seed004,33,0.997511,23.30559,0.717587,0.24604
mipnerf360_garden,uniform,33,0.999366,23.83798,0.742056,0.232705
mipnerf360_kitchen,random_seed000,49,0.997003,27.281368,0.902087,0.110868
mipnerf360_kitchen,random_seed001,49,0.998852,26.716864,0.895007,0.118891
mipnerf360_kitchen,random_seed002,49,0.996151,27.602648,0.898774,0.115104
mipnerf360_kitchen,random_seed003,49,0.987618,26.64579,0.889352,0.125546
mipnerf360_kitchen,random_seed004,49,0.993128,27.606831,0.896846,0.119337
mipnerf360_kitchen,uniform,49,0.999272,28.188911,0.9137,0.10364
mipnerf360_room,random_seed000,55,0.994489,28.151455,0.894629,0.168967
mipnerf360_room,random_seed001,55,0.995027,27.834946,0.888555,0.175984
mipnerf360_room,random_seed002,55,0.994736,26.992758,0.887186,0.174425
mipnerf360_room,random_seed003,55,0.988807,26.823437,0.879888,0.18478
mipnerf360_room,random_seed004,55,0.995604,27.222418,0.886182,0.177315
mipnerf360_room,uniform,55,0.999267,27.721422,0.884733,0.172846
mipnerf360_stump,random_seed000,22,0.95998,19.510977,0.397058,0.451526
mipnerf360_stump,random_seed001,22,0.991016,19.280323,0.377622,0.463659
mipnerf360_stump,random_seed002,22,0.991921,19.280373,0.39637,0.456066
mipnerf360_stump,random_seed003,22,0.98071,19.716484,0.423627,0.448597
mipnerf360_stump,random_seed004,22,0.993433,19.686794,0.460225,0.420709
mipnerf360_stump,uniform,22,0.998197,19.748934,0.438756,0.436072
mipnerf360_treehill,random_seed000,25,0.968526,17.243147,0.38401,0.475255
mipnerf360_treehill,random_seed001,25,0.982349,16.915873,0.371165,0.47769
mipnerf360_treehill,random_seed002,25,0.995449,17.31086,0.401679,0.464968
mipnerf360_treehill,random_seed003,25,0.97289,17.488888,0.39512,0.464657
mipnerf360_treehill,random_seed004,25,0.98229,17.73278,0.38658,0.466078
mipnerf360_treehill,uniform,25,0.997604,17.414686,0.390676,0.46686
tandt_train,random_seed000,53,0.989091,18.199142,0.703234,0.223335
tandt_train,random_seed001,53,0.995689,17.569967,0.674771,0.246098
tandt_train,random_seed002,53,0.989127,17.989454,0.686448,0.2354
tandt_train,random_seed003,53,0.989131,18.028139,0.692657,0.231441
tandt_train,random_seed004,53,0.99219,18.401129,0.702205,0.223091
tandt_train,uniform,53,0.998667,18.248096,0.724853,0.205834
tandt_truck,random_seed000,44,0.993438,22.640606,0.848183,0.109094
tandt_truck,random_seed001,44,0.99861,22.325542,0.843079,0.111508
tandt_truck,random_seed002,44,0.997533,22.889698,0.855939,0.105652
tandt_truck,random_seed003,44,0.989295,22.758966,0.851935,0.106993
tandt_truck,random_seed004,44,0.995101,23.00992,0.852795,0.104746
tandt_truck,uniform,44,0.999316,23.081297,0.864589,0.096415
