scene_id,dataset,method,image_count,reference_type,register_mean_cosine,psnr,ssim,lpips,reference_scale,subset_points_raw,reference_points_raw,subset_points_sampled,reference_points_sampled,accuracy_mean_norm,accuracy_p90_norm,completeness_mean_norm,completeness_p90_norm,chamfer_l1_norm,chamfer_l2_norm_sq,precision_tau0p005,recall_tau0p005,fscore_tau0p005,precision_tau0p01,recall_tau0p01,fscore_tau0p01,precision_tau0p02,recall_tau0p02,fscore_tau0p02
db_drjohnson,db,random_seed000,46,colmap_sparse_full_scene,0.974672,22.286993,0.693717,0.303171,83.672295,119602,80861,8000,8000,0.00344293,0.00497092,0.00119792,0.00173997,0.00232043,0.00025499,0.901,0.994,0.94521794,0.971,0.997375,0.9840108,0.9845,0.998,0.99120404
db_drjohnson,db,random_seed001,46,colmap_sparse_full_scene,0.988521,22.760183,0.721991,0.283457,83.672295,144064,80861,8000,8000,0.00273907,0.00478396,0.00124206,0.0018052,0.00199057,7.75441e-05,0.908125,0.993625,0.94895302,0.972125,0.99775,0.98477083,0.9895,0.998125,0.99379379
db_drjohnson,db,random_seed002,46,colmap_sparse_full_scene,0.984347,21.937275,0.693005,0.317065,83.672295,122347,80861,8000,8000,0.00446917,0.00513498,0.00123357,0.00194859,0.00285137,0.0003952528,0.89625,0.993,0.94214768,0.95875,0.9975,0.97774121,0.973125,0.998125,0.98546647
db_drjohnson,db,random_seed003,46,colmap_sparse_full_scene,0.986509,23.216753,0.727392,0.27526,83.672295,114204,80861,8000,8000,0.00271207,0.00458944,0.00119096,0.00183113,0.00195151,5.80602e-05,0.914125,0.994,0.9523907,0.973875,0.997625,0.98560695,0.988125,0.998125,0.99309983
db_drjohnson,db,random_seed004,46,colmap_sparse_full_scene,0.984992,21.9359,0.687657,0.310763,83.672295,126006,80861,8000,8000,0.0036792,0.00491471,0.0012361,0.0018609,0.00245765,0.000217669,0.90275,0.99175,0.94515947,0.9665,0.997875,0.98193694,0.98,0.99825,0.98904082
db_drjohnson,db,uniform,46,colmap_sparse_full_scene,0.994785,22.748913,0.707712,0.29359,83.672295,122800,80861,8000,8000,0.00354857,0.00512683,0.00128358,0.00187227,0.00241607,0.0001716079,0.89525,0.99275,0.94148245,0.96275,0.997625,0.97987729,0.9785,0.998,0.98815381
db_playroom,db,random_seed000,40,colmap_sparse_full_scene,0.92243,22.120363,0.756331,0.254317,116.463402,79122,37005,8000,8000,0.00290754,0.00646651,0.00140664,0.00173841,0.00215709,0.0001287047,0.872625,0.987875,0.92668038,0.937375,0.993875,0.96479853,0.9805,0.997375,0.98886551
db_playroom,db,random_seed001,40,colmap_sparse_full_scene,0.997179,21.933681,0.77213,0.243812,116.463402,81800,37005,8000,8000,0.00283796,0.00648107,0.00137906,0.0016601,0.00210851,0.0001596197,0.87,0.98525,0.92404528,0.939,0.993,0.96524534,0.98675,0.997375,0.99203405
db_playroom,db,random_seed002,40,colmap_sparse_full_scene,0.98949,23.411205,0.792273,0.219143,116.463402,82410,37005,8000,8000,0.00274161,0.00625649,0.00133147,0.00173859,0.00203654,7.74606e-05,0.8715,0.99,0.92697824,0.939125,0.99475,0.96613752,0.98425,0.997375,0.99076903
db_playroom,db,random_seed003,40,colmap_sparse_full_scene,0.993413,22.868956,0.779255,0.240075,116.463402,78884,37005,8000,8000,0.00288733,0.00666564,0.00128628,0.00170443,0.00208681,0.0001785658,0.86325,0.98875,0.92174777,0.94,0.99425,0.96636422,0.99025,0.997875,0.99404788
db_playroom,db,random_seed004,40,colmap_sparse_full_scene,0.979455,23.314613,0.791919,0.231421,116.463402,78319,37005,8000,8000,0.00299096,0.0068881,0.00138902,0.00168868,0.00218999,0.0001721839,0.86075,0.985375,0.91885602,0.937375,0.994125,0.96491631,0.9835,0.997375,0.99038891
db_playroom,db,uniform,40,colmap_sparse_full_scene,0.976614,23.74058,0.799858,0.223649,116.463402,80613,37005,8000,8000,0.00290766,0.00740744,0.00133658,0.00168892,0.00212212,9.65958e-05,0.850375,0.991625,0.91558427,0.93275,0.995,0.96286993,0.981875,0.997875,0.98981035
mipnerf360_bicycle,mipnerf360,random_seed000,34,colmap_sparse_full_scene,0.987569,20.565269,0.51082,0.371217,178.615005,633750,54275,8000,8000,0.00805311,0.01661502,0.00230958,0.00549095,0.00518135,0.0002180645,0.606625,0.88425,0.71958837,0.784125,0.966625,0.86586301,0.926375,0.99575,0.95981053
mipnerf360_bicycle,mipnerf360,random_seed001,34,colmap_sparse_full_scene,0.99871,20.106337,0.469851,0.384242,178.615005,719398,54275,8000,8000,0.00813321,0.01812217,0.00231185,0.00572979,0.00522253,0.000163241,0.5805,0.875,0.69795603,0.764,0.97025,0.8548606,0.916875,0.995125,0.95439878
mipnerf360_bicycle,mipnerf360,random_seed002,34,colmap_sparse_full_scene,0.990638,20.285423,0.49023,0.377103,178.615005,701179,54275,8000,8000,0.00751644,0.01741648,0.00294703,0.00602686,0.00523173,0.0002750245,0.603125,0.872375,0.71318356,0.78225,0.9535,0.85942719,0.9165,0.986125,0.95003857
mipnerf360_bicycle,mipnerf360,random_seed003,34,colmap_sparse_full_scene,0.989619,20.841036,0.513461,0.364404,178.615005,642390,54275,8000,8000,0.00737196,0.0178023,0.0022848,0.00558855,0.00482838,0.0001900983,0.64675,0.883125,0.74667681,0.807,0.964,0.87854094,0.91725,0.99425,0.95419912
mipnerf360_bicycle,mipnerf360,random_seed004,34,colmap_sparse_full_scene,0.983359,18.96283,0.419531,0.41563,178.615005,741775,54275,8000,8000,0.0086634,0.01792087,0.00229244,0.00541298,0.00547792,0.0002018219,0.553125,0.882625,0.68006541,0.744375,0.9775,0.84515608,0.91675,0.997375,0.95536449
mipnerf360_bicycle,mipnerf360,uniform,34,colmap_sparse_full_scene,0.996257,19.775152,0.466467,0.388858,178.615005,709817,54275,8000,8000,0.00894924,0.02073495,0.00222731,0.00537184,0.00558828,0.0002156997,0.58375,0.885375,0.70359929,0.76025,0.974375,0.85409653,0.896125,0.996,0.94342657
mipnerf360_bonsai,mipnerf360,random_seed000,51,colmap_sparse_full_scene,0.961888,27.937513,0.906525,0.146475,51.79171,173082,206613,8000,8000,0.00835531,0.02181287,0.00204518,0.00526534,0.00520024,0.0003857332,0.659375,0.8915,0.75806601,0.783875,0.973375,0.86840726,0.889,0.9975,0.94012987
mipnerf360_bonsai,mipnerf360,random_seed001,51,colmap_sparse_full_scene,0.99795,27.786301,0.903937,0.149501,51.79171,171851,206613,8000,8000,0.0067892,0.01827294,0.00210478,0.00546913,0.00444699,0.0001747685,0.685125,0.885125,0.77238817,0.817875,0.97325,0.88882333,0.911,0.994875,0.95109189
mipnerf360_bonsai,mipnerf360,random_seed002,51,colmap_sparse_full_scene,0.969989,27.67189,0.908474,0.148431,51.79171,173306,206613,8000,8000,0.00809028,0.02165269,0.00202459,0.00519982,0.00505744,0.0001999673,0.658125,0.89275,0.75768981,0.7865,0.975125,0.87071404,0.890125,0.997375,0.94070296
mipnerf360_bonsai,mipnerf360,random_seed003,51,colmap_sparse_full_scene,0.986276,26.899822,0.888649,0.162089,51.79171,169750,206613,8000,8000,0.00838966,0.0180392,0.00206036,0.00536777,0.00522501,0.0016590127,0.687625,0.88675,0.77459496,0.816,0.97275,0.88750692,0.91525,0.996375,0.95409112
mipnerf360_bonsai,mipnerf360,random_seed004,51,colmap_sparse_full_scene,0.971542,27.43549,0.892653,0.150779,51.79171,174083,206613,8000,8000,0.00778289,0.01980872,0.00203364,0.00531615,0.00490827,0.0003087918,0.66125,0.889125,0.7584409,0.79425,0.977,0.87619732,0.9015,0.997375,0.94701712
mipnerf360_bonsai,mipnerf360,uniform,51,colmap_sparse_full_scene,0.996757,28.988317,0.916686,0.135639,51.79171,175694,206613,8000,8000,0.00797041,0.01998406,0.00204761,0.0052457,0.00500901,0.0008176076,0.67075,0.890875,0.76529821,0.795375,0.974,0.87567107,0.90025,0.996375,0.94587659
mipnerf360_bonsai,mipnerf360,random_seed000,51,fastgs_full_train_images4,0.961888,27.937513,0.906525,0.146475,118.069977,173082,211923,8000,8000,0.00220721,0.00513099,0.00192716,0.00459763,0.00206718,4.1877e-05,0.897125,0.91375,0.90536119,0.96975,0.98125,0.97546611,0.995375,0.99625,0.99581231
mipnerf360_bonsai,mipnerf360,random_seed001,51,fastgs_full_train_images4,0.99795,27.786301,0.903937,0.149501,118.069977,171851,211923,8000,8000,0.00186655,0.00449146,0.00204122,0.00478407,0.00195388,2.70459e-05,0.91625,0.90675,0.91147525,0.977,0.976,0.97649974,0.996625,0.996,0.9963124
mipnerf360_bonsai,mipnerf360,random_seed002,51,fastgs_full_train_images4,0.969989,27.67189,0.908474,0.148431,118.069977,173306,211923,8000,8000,0.00221584,0.005023,0.00189752,0.00454375,0.00205668,3.11765e-05,0.89975,0.91425,0.90694205,0.971,0.981375,0.97615993,0.9915,0.99675,0.99411807
mipnerf360_bonsai,mipnerf360,random_seed003,51,fastgs_full_train_images4,0.986276,26.899822,0.888649,0.162089,118.069977,169750,211923,8000,8000,0.00245008,0.00447827,0.00218007,0.00490563,0.00231508,0.0002309467,0.914625,0.902375,0.90845871,0.977875,0.968375,0.97310181,0.995375,0.99175,0.99355919
mipnerf360_bonsai,mipnerf360,random_seed004,51,fastgs_full_train_images4,0.971542,27.43549,0.892653,0.150779,118.069977,174083,211923,8000,8000,0.00213673,0.00504828,0.00201294,0.00472007,0.00207483,6.07509e-05,0.8985,0.9095,0.90396654,0.968375,0.979625,0.97396751,0.996875,0.996,0.99643731
mipnerf360_bonsai,mipnerf360,uniform,51,fastgs_full_train_images4,0.996757,28.988317,0.916686,0.135639,118.069977,175694,211923,8000,8000,0.00216749,0.00476884,0.00190088,0.0044613,0.00203419,0.0001173956,0.908375,0.919125,0.91371838,0.975,0.98325,0.97910762,0.99525,0.996875,0.99606184
mipnerf360_counter,mipnerf360,random_seed000,42,colmap_sparse_full_scene,0.981133,24.696026,0.822051,0.189158,38.57608,151240,155767,8000,8000,0.00439274,0.01040525,0.00169021,0.00328537,0.00304148,6.55269e-05,0.81475,0.94,0.87290497,0.89625,0.9805,0.93648395,0.9505,0.995875,0.9726586
mipnerf360_counter,mipnerf360,random_seed001,42,colmap_sparse_full_scene,0.998243,24.152718,0.811526,0.198917,38.57608,148105,155767,8000,8000,0.00448146,0.00983134,0.00168201,0.0032188,0.00308174,0.000172625,0.83,0.94175,0.88235078,0.900875,0.980125,0.93883053,0.950875,0.994625,0.97225808
mipnerf360_counter,mipnerf360,random_seed002,42,colmap_sparse_full_scene,0.981754,24.579723,0.827256,0.18663,38.57608,148531,155767,8000,8000,0.00474542,0.01096427,0.00165977,0.00324201,0.0032026,0.0001399255,0.8085,0.944,0.8710117,0.890875,0.982875,0.93461643,0.949375,0.99575,0.97200967
mipnerf360_counter,mipnerf360,random_seed003,42,colmap_sparse_full_scene,0.97913,23.105387,0.786754,0.213479,38.57608,148396,155767,8000,8000,0.00422137,0.00897361,0.00191121,0.00341409,0.00306629,0.0001222888,0.840875,0.934125,0.88505055,0.9095,0.97325,0.94029571,0.95625,0.990375,0.97301339
mipnerf360_counter,mipnerf360,random_seed004,42,colmap_sparse_full_scene,0.971612,24.589781,0.824037,0.192134,38.57608,152235,155767,8000,8000,0.00461705,0.01095053,0.00162681,0.00314417,0.00312193,0.0001039978,0.80675,0.94325,0.8696765,0.890125,0.98175,0.93369506,0.951375,0.996375,0.97335517
mipnerf360_counter,mipnerf360,uniform,42,colmap_sparse_full_scene,0.998071,25.650854,0.852614,0.170977,38.57608,156272,155767,8000,8000,0.00452338,0.01027487,0.00163213,0.00321603,0.00307776,0.0001114524,0.82025,0.944125,0.87783893,0.897875,0.984625,0.93925118,0.955125,0.996375,0.97531404
mipnerf360_flowers,mipnerf360,random_seed000,31,colmap_sparse_full_scene,0.983067,16.368181,0.371326,0.430561,152.454742,728093,38347,8000,8000,0.01694269,0.03445666,0.00259698,0.00606297,0.00976984,0.0017008865,0.586375,0.858625,0.69685292,0.7645,0.96575,0.85342104,0.86175,0.991875,0.92224509
mipnerf360_flowers,mipnerf360,random_seed001,31,colmap_sparse_full_scene,0.997643,15.976073,0.344582,0.445599,152.454742,735538,38347,8000,8000,0.02669219,0.03553234,0.00236688,0.00537,0.01452954,0.0042498206,0.58425,0.887,0.70447545,0.769,0.976625,0.86046502,0.856125,0.996,0.92078072
mipnerf360_flowers,mipnerf360,random_seed002,31,colmap_sparse_full_scene,0.990401,16.59837,0.379996,0.421708,152.454742,708100,38347,8000,8000,0.01554506,0.02233054,0.00280943,0.00625558,0.00917724,0.0011726577,0.58825,0.85725,0.69772025,0.771125,0.95625,0.85376746,0.891875,0.985625,0.93640937
mipnerf360_flowers,mipnerf360,random_seed003,31,colmap_sparse_full_scene,0.994057,16.162481,0.363177,0.429152,152.454742,728037,38347,8000,8000,0.02559075,0.04146272,0.00254855,0.0057523,0.01406965,0.0044086815,0.632125,0.87175,0.73284677,0.796,0.969625,0.87427568,0.86925,0.991,0.92614084
mipnerf360_flowers,mipnerf360,random_seed004,31,colmap_sparse_full_scene,0.975503,15.581346,0.339202,0.450978,152.454742,780955,38347,8000,8000,0.0222732,0.05954961,0.00259365,0.00588853,0.01243343,0.001786856,0.525875,0.865625,0.65427315,0.699125,0.96925,0.81231966,0.802875,0.992375,0.88762354
mipnerf360_flowers,mipnerf360,uniform,31,colmap_sparse_full_scene,0.997637,16.169456,0.368973,0.430901,152.454742,762898,38347,8000,8000,0.0215558,0.04871417,0.00234724,0.00531708,0.01195152,0.0024177779,0.5535,0.886625,0.68153381,0.72675,0.980625,0.83481276,0.823875,0.993,0.90056594
mipnerf360_garden,mipnerf360,random_seed000,33,colmap_sparse_full_scene,0.996302,23.138044,0.731805,0.240438,123.105095,486129,138766,8000,8000,0.00302022,0.00567399,0.00150589,0.00274903,0.00226306,4.83129e-05,0.886625,0.97625,0.92928152,0.94775,0.992,0.96937028,0.978,0.998375,0.98808247
mipnerf360_garden,mipnerf360,random_seed001,33,colmap_sparse_full_scene,0.991732,22.850098,0.710128,0.251962,123.105095,524129,138766,8000,8000,0.00549202,0.01161583,0.00145362,0.00305981,0.00347282,0.0001222961,0.8255,0.9715,0.892569,0.889125,0.9945,0.93886502,0.9365,0.99975,0.96709193
mipnerf360_garden,mipnerf360,random_seed002,33,colmap_sparse_full_scene,0.997549,23.377222,0.735068,0.238062,123.105095,498015,138766,8000,8000,0.00386407,0.00655422,0.00158488,0.00272301,0.00272448,7.54074e-05,0.8685,0.982875,0.92215455,0.92575,0.995625,0.95941692,0.9595,0.996375,0.97758989
mipnerf360_garden,mipnerf360,random_seed003,33,colmap_sparse_full_scene,0.989827,23.087576,0.723556,0.247775,123.105095,479434,138766,8000,8000,0.00372306,0.00616265,0.0019411,0.00285213,0.00283208,0.0001259343,0.876,0.967375,0.9194228,0.935375,0.986125,0.9600798,0.968125,0.995875,0.98180396
mipnerf360_garden,mipnerf360,random_seed004,33,colmap_sparse_full_scene,0.997511,23.30559,0.717587,0.24604,123.105095,512830,138766,8000,8000,0.00599177,0.01040091,0.00138161,0.00274977,0.00368669,0.0002518236,0.833,0.983875,0.9021731,0.897375,0.996625,0.94439953,0.935875,0.999625,0.96670013
mipnerf360_garden,mipnerf360,uniform,33,colmap_sparse_full_scene,0.999366,23.83798,0.742056,0.232705,123.105095,496074,138766,8000,8000,0.00407751,0.00704432,0.00134158,0.00270651,0.00270954,7.92062e-05,0.862625,0.9845,0.91954179,0.92825,0.998,0.96186217,0.963375,0.9995,0.98110508
mipnerf360_kitchen,mipnerf360,random_seed000,49,colmap_sparse_full_scene,0.997003,27.281368,0.902087,0.110868,65.437248,218324,241367,8000,8000,0.0048509,0.01044856,0.00067537,0.00104749,0.00276314,0.0001555791,0.859,0.99075,0.920183,0.896875,0.99625,0.94395428,0.938875,0.998375,0.96771127
mipnerf360_kitchen,mipnerf360,random_seed001,49,colmap_sparse_full_scene,0.998852,26.716864,0.895007,0.118891,65.437248,220179,241367,8000,8000,0.00582723,0.01223711,0.00066246,0.00103408,0.00324485,0.0002948874,0.84575,0.992875,0.9134261,0.885,0.99675,0.9375568,0.931,0.998875,0.9637439
mipnerf360_kitchen,mipnerf360,random_seed002,49,colmap_sparse_full_scene,0.996151,27.602648,0.898774,0.115104,65.437248,228554,241367,8000,8000,0.00478787,0.00973109,0.00067358,0.00104628,0.00273073,0.0001824006,0.8675,0.990625,0.92498318,0.90175,0.9965,0.94676031,0.94175,0.998625,0.96935396
mipnerf360_kitchen,mipnerf360,random_seed003,49,colmap_sparse_full_scene,0.987618,26.64579,0.889352,0.125546,65.437248,225522,241367,8000,8000,0.00499523,0.01082602,0.00068292,0.00104426,0.00283907,0.0002075402,0.85925,0.990875,0.92038035,0.894625,0.996375,0.94276254,0.937875,0.998,0.96700381
mipnerf360_kitchen,mipnerf360,random_seed004,49,colmap_sparse_full_scene,0.993128,27.606831,0.896846,0.119337,65.437248,222924,241367,8000,8000,0.00480006,0.0096596,0.00065557,0.00103641,0.00272782,0.0001531671,0.86025,0.990875,0.92095371,0.90175,0.99675,0.94687312,0.93925,0.999,0.96820405
mipnerf360_kitchen,mipnerf360,uniform,49,colmap_sparse_full_scene,0.999272,28.188911,0.9137,0.10364,65.437248,234933,241367,8000,8000,0.00731349,0.01947274,0.00065318,0.0010165,0.00398333,0.0004457462,0.8205,0.99225,0.89823873,0.85825,0.997,0.9224366,0.901375,0.998875,0.94762368
mipnerf360_room,mipnerf360,random_seed000,55,colmap_sparse_full_scene,0.994489,28.151455,0.894629,0.168967,56.32,139284,112627,8000,8000,0.00543552,0.01274338,0.00182669,0.00338593,0.0036311,8.68274e-05,0.777,0.95525,0.85695396,0.878875,0.988,0.93024814,0.93325,0.996125,0.96366301
mipnerf360_room,mipnerf360,random_seed001,55,colmap_sparse_full_scene,0.995027,27.834946,0.888555,0.175984,56.32,136366,112627,8000,8000,0.00478552,0.0095546,0.0017933,0.00331947,0.00328941,9.48968e-05,0.806875,0.962125,0.87768752,0.904125,0.988375,0.94437469,0.95875,0.995625,0.97683962
mipnerf360_room,mipnerf360,random_seed002,55,colmap_sparse_full_scene,0.994736,26.992758,0.887186,0.174425,56.32,143262,112627,8000,8000,0.00555254,0.00861164,0.00175698,0.00329537,0.00365476,0.0012677447,0.814125,0.9565,0.87958835,0.912125,0.99,0.94946836,0.959625,0.9975,0.97819601
mipnerf360_room,mipnerf360,random_seed003,55,colmap_sparse_full_scene,0.988807,26.823437,0.879888,0.18478,56.32,146326,112627,8000,8000,0.00683414,0.01075148,0.00182363,0.00335979,0.00432889,0.0009103691,0.791375,0.95575,0.86583004,0.89375,0.98825,0.93862746,0.949,0.996,0.97193213
mipnerf360_room,mipnerf360,random_seed004,55,colmap_sparse_full_scene,0.995604,27.222418,0.886182,0.177315,56.32,145386,112627,8000,8000,0.00657903,0.00956321,0.00176245,0.00331524,0.00417074,0.0013627009,0.806625,0.96,0.87665464,0.904,0.99075,0.9453891,0.953375,0.997125,0.97475934
mipnerf360_room,mipnerf360,uniform,55,colmap_sparse_full_scene,0.999267,27.721422,0.884733,0.172846,56.32,138226,112627,8000,8000,0.0052301,0.00914055,0.0017462,0.00326776,0.00348815,0.00334612,0.80725,0.963625,0.87853325,0.907375,0.99225,0.9479164,0.959125,0.9965,0.97745535
mipnerf360_stump,mipnerf360,random_seed000,22,colmap_sparse_full_scene,0.95998,19.510977,0.397058,0.451526,248.434494,479634,32049,8000,8000,0.01052764,0.02919925,0.00220215,0.0061935,0.0063649,0.0003182102,0.58925,0.87225,0.70335041,0.714,0.9495,0.81508025,0.835875,0.989875,0.90638013
mipnerf360_stump,mipnerf360,random_seed001,22,colmap_sparse_full_scene,0.991016,19.280323,0.377622,0.463659,248.434494,448305,32049,8000,8000,0.00967063,0.02829568,0.00206448,0.005901,0.00586756,0.0002118652,0.614,0.879,0.72298192,0.73975,0.95625,0.83418153,0.85,0.990875,0.91504719
mipnerf360_stump,mipnerf360,random_seed002,22,colmap_sparse_full_scene,0.991921,19.280373,0.39637,0.456066,248.434494,456989,32049,8000,8000,0.0127044,0.03587298,0.00202524,0.00571877,0.00736482,0.0003725825,0.56325,0.881125,0.68720887,0.671625,0.955125,0.78867168,0.792625,0.993,0.8815699
mipnerf360_stump,mipnerf360,random_seed003,22,colmap_sparse_full_scene,0.98071,19.716484,0.423627,0.448597,248.434494,413674,32049,8000,8000,0.0093691,0.02452533,0.00237071,0.00669705,0.0058699,0.0003147181,0.640625,0.8605,0.73445957,0.749,0.943,0.83487825,0.859625,0.98425,0.91772588
mipnerf360_stump,mipnerf360,random_seed004,22,colmap_sparse_full_scene,0.993433,19.686794,0.460225,0.420709,248.434494,394494,32049,8000,8000,0.01336613,0.03548143,0.00313565,0.00967655,0.00825089,0.0006181972,0.6075,0.826125,0.70014256,0.698375,0.903375,0.78775654,0.813125,0.9675,0.88362057
mipnerf360_stump,mipnerf360,uniform,22,colmap_sparse_full_scene,0.998197,19.748934,0.438756,0.436072,248.434494,393654,32049,8000,8000,0.01005905,0.02687575,0.00278396,0.00685978,0.0064215,0.0004962586,0.655875,0.861,0.74456811,0.751,0.931125,0.83141844,0.852,0.96925,0.90685079
mipnerf360_treehill,mipnerf360,random_seed000,25,colmap_sparse_full_scene,0.968526,17.243147,0.38401,0.475255,264.61908,573311,52363,8000,8000,0.01362047,0.02605758,0.00120002,0.00214293,0.00741024,0.0008034619,0.639125,0.953,0.7651235,0.7945,0.979125,0.87720326,0.875625,0.993875,0.93101021
mipnerf360_treehill,mipnerf360,random_seed001,25,colmap_sparse_full_scene,0.982349,16.915873,0.371165,0.47769,264.61908,561976,52363,8000,8000,0.01362706,0.0248803,0.00137182,0.00216417,0.00749944,0.0012153483,0.63025,0.952625,0.75860937,0.7845,0.982,0.87220945,0.87675,0.990125,0.92999488
mipnerf360_treehill,mipnerf360,random_seed002,25,colmap_sparse_full_scene,0.995449,17.31086,0.401679,0.464968,264.61908,665438,52363,8000,8000,0.01126097,0.02194178,0.00111159,0.00209428,0.00618628,0.0005026249,0.626375,0.964625,0.75954366,0.8075,0.986125,0.88791797,0.8935,0.992625,0.94045775
mipnerf360_treehill,mipnerf360,random_seed003,25,colmap_sparse_full_scene,0.97289,17.488888,0.39512,0.464657,264.61908,614637,52363,8000,8000,0.01102929,0.0203178,0.00116977,0.0022744,0.00609953,0.0005164626,0.66175,0.95875,0.7830334,0.824375,0.98325,0.89683061,0.899625,0.994,0.94446076
mipnerf360_treehill,mipnerf360,random_seed004,25,colmap_sparse_full_scene,0.98229,17.73278,0.38658,0.466078,264.61908,644864,52363,8000,8000,0.01459614,0.02570449,0.00119088,0.00217125,0.00789351,0.0012185215,0.599625,0.953625,0.73628507,0.785125,0.984625,0.8736304,0.88125,0.993375,0.93395929
mipnerf360_treehill,mipnerf360,uniform,25,colmap_sparse_full_scene,0.997604,17.414686,0.390676,0.46686,264.61908,644864,52363,8000,8000,0.01300644,0.0300618,0.00113561,0.00211151,0.00707102,0.0005786021,0.600625,0.960625,0.7391198,0.77225,0.985875,0.866084,0.866,0.99425,0.92570407
tandt_train,tandt,random_seed000,53,colmap_sparse_full_scene,0.989091,18.199142,0.703234,0.223335,436.809143,90797,182686,8000,8000,0.00240762,0.00184407,0.00058166,0.00045795,0.00149464,0.0002635589,0.947625,0.982625,0.96480768,0.96625,0.9875,0.97675944,0.98275,0.9955,0.98908391
tandt_train,tandt,random_seed001,53,colmap_sparse_full_scene,0.995689,17.569967,0.674771,0.246098,436.809143,92583,182686,8000,8000,0.00179364,0.001854,0.00066966,0.00048318,0.00123165,7.73542e-05,0.9465,0.982625,0.96422426,0.966375,0.98625,0.97621135,0.983,0.992125,0.98754142
tandt_train,tandt,random_seed002,53,colmap_sparse_full_scene,0.989127,17.989454,0.686448,0.2354,436.809143,86810,182686,8000,8000,0.00247343,0.00170901,0.00056939,0.00048658,0.00152141,0.0004417769,0.94675,0.9835,0.96477516,0.966875,0.988375,0.97750679,0.98425,0.99475,0.98947215
tandt_train,tandt,random_seed003,53,colmap_sparse_full_scene,0.989131,18.028139,0.692657,0.231441,436.809143,87334,182686,8000,8000,0.00356658,0.00169905,0.00058323,0.00049538,0.0020749,0.00083116,0.946125,0.98175,0.96360834,0.9635,0.987125,0.97516943,0.98475,0.994375,0.9895391
tandt_train,tandt,random_seed004,53,colmap_sparse_full_scene,0.99219,18.401129,0.702205,0.223091,436.809143,86412,182686,8000,8000,0.00208012,0.00164544,0.00078107,0.00049156,0.0014306,0.0002129369,0.943625,0.982,0.96243012,0.96525,0.986875,0.97594272,0.986,0.993375,0.98967376
tandt_train,tandt,uniform,53,colmap_sparse_full_scene,0.998667,18.248096,0.724853,0.205834,436.809143,91343,182686,8000,8000,0.00277419,0.00202024,0.0005706,0.00046681,0.00167239,0.0003410579,0.939,0.982125,0.96007847,0.961125,0.986625,0.97370808,0.983875,0.99525,0.98952981
tandt_truck,tandt,random_seed000,44,colmap_sparse_full_scene,0.993438,22.640606,0.848183,0.109094,351.765625,74429,136029,8000,8000,0.00260387,0.00360272,0.00084038,0.00204217,0.00172213,0.0001347966,0.92525,0.972625,0.94834621,0.962375,0.993625,0.97775037,0.982625,0.998125,0.99031435
tandt_truck,tandt,random_seed001,44,colmap_sparse_full_scene,0.99861,22.325542,0.843079,0.111508,351.765625,71790,136029,8000,8000,0.00215064,0.00329442,0.00101049,0.00203366,0.00158057,0.0001773732,0.93775,0.97225,0.95468842,0.970375,0.98875,0.97947633,0.988375,0.99325,0.9908065
tandt_truck,tandt,random_seed002,44,colmap_sparse_full_scene,0.997533,22.889698,0.855939,0.105652,351.765625,72867,136029,8000,8000,0.00233889,0.00340201,0.00090449,0.00201647,0.00162169,0.0001098154,0.934875,0.975625,0.95481541,0.967125,0.991875,0.97934365,0.983,0.996375,0.98964231
tandt_truck,tandt,random_seed003,44,colmap_sparse_full_scene,0.989295,22.758966,0.851935,0.106993,351.765625,71764,136029,8000,8000,0.00242299,0.00341506,0.00096682,0.00205065,0.00169491,0.0002370075,0.936,0.974625,0.95492208,0.97,0.992625,0.98118209,0.986,0.99575,0.99085102
tandt_truck,tandt,random_seed004,44,colmap_sparse_full_scene,0.995101,23.00992,0.852795,0.104746,351.765625,73466,136029,8000,8000,0.0037247,0.0034311,0.0008267,0.00205371,0.0022757,0.0009022882,0.929125,0.9725,0.95031782,0.96375,0.992,0.97767097,0.983875,0.9985,0.99113355
tandt_truck,tandt,uniform,44,colmap_sparse_full_scene,0.999316,23.081297,0.864589,0.096415,351.765625,74267,136029,8000,8000,0.00280312,0.00357559,0.00083318,0.0021271,0.00181815,0.0003275181,0.930375,0.97425,0.95180715,0.962125,0.992875,0.97725817,0.979875,0.99725,0.98848615
