scene_id,dataset,metric,expected_direction,n,spearman,pearson,best_cosine_method,best_metric_method
db_drjohnson,db,depth_absrel_mean,negative,6,-0.085714,-0.543374,uniform,random_seed004
db_drjohnson,db,depth_absrel_median,negative,6,-0.371429,-0.756328,uniform,random_seed003
db_drjohnson,db,depth_log_rmse,negative,6,0.085714,-0.40218,uniform,random_seed002
db_drjohnson,db,pose_center_rmse_norm,negative,6,-0.428571,-0.27022,uniform,uniform
db_drjohnson,db,pose_center_median_norm,negative,6,-0.428571,-0.585081,uniform,uniform
db_drjohnson,db,pose_center_p90_norm,negative,6,-0.371429,-0.324823,uniform,uniform
db_drjohnson,db,pose_rotation_mean_deg,negative,6,-0.314286,-0.646107,uniform,random_seed004
db_drjohnson,db,pose_rotation_median_deg,negative,6,-0.085714,-0.70565,uniform,random_seed002
db_drjohnson,db,pose_fov_abs_mean,negative,6,-0.771429,-0.913822,uniform,uniform
db_drjohnson,db,pointmap_l1_norm,negative,6,-0.714286,-0.829966,uniform,uniform
db_drjohnson,db,pointmap_rmse_norm,negative,6,-0.714286,-0.834968,uniform,uniform
db_drjohnson,db,pointmap_median_norm,negative,6,-0.714286,-0.835729,uniform,uniform
db_drjohnson,db,pointmap_p90_norm,negative,6,-0.714286,-0.790342,uniform,uniform
db_playroom,db,depth_absrel_mean,negative,6,-0.085714,-0.803063,random_seed001,random_seed002
db_playroom,db,depth_absrel_median,negative,6,0.085714,-0.809924,random_seed001,uniform
db_playroom,db,depth_log_rmse,negative,6,-0.771429,-0.962607,random_seed001,random_seed001
db_playroom,db,pose_center_rmse_norm,negative,6,-0.371429,-0.836356,random_seed001,uniform
db_playroom,db,pose_center_median_norm,negative,6,-0.314286,-0.935434,random_seed001,uniform
db_playroom,db,pose_center_p90_norm,negative,6,-0.371429,-0.890628,random_seed001,random_seed003
db_playroom,db,pose_rotation_mean_deg,negative,6,-0.828571,-0.875251,random_seed001,random_seed001
db_playroom,db,pose_rotation_median_deg,negative,6,-0.828571,-0.961466,random_seed001,random_seed001
db_playroom,db,pose_fov_abs_mean,negative,6,-0.485714,-0.71842,random_seed001,random_seed001
db_playroom,db,pointmap_l1_norm,negative,6,-0.428571,-0.322686,random_seed001,random_seed001
db_playroom,db,pointmap_rmse_norm,negative,6,-0.428571,-0.300887,random_seed001,random_seed001
db_playroom,db,pointmap_median_norm,negative,6,-0.6,-0.368026,random_seed001,random_seed001
db_playroom,db,pointmap_p90_norm,negative,6,-0.428571,-0.2749,random_seed001,random_seed001
mipnerf360_bicycle,mipnerf360,depth_absrel_mean,negative,6,-0.428571,-0.500891,random_seed001,random_seed003
mipnerf360_bicycle,mipnerf360,depth_absrel_median,negative,6,-0.6,-0.545442,random_seed001,random_seed003
mipnerf360_bicycle,mipnerf360,depth_log_rmse,negative,6,-0.371429,-0.512538,random_seed001,random_seed003
mipnerf360_bicycle,mipnerf360,pose_center_rmse_norm,negative,6,-0.371429,-0.399418,random_seed001,uniform
mipnerf360_bicycle,mipnerf360,pose_center_median_norm,negative,6,-0.714286,-0.628378,random_seed001,random_seed001
mipnerf360_bicycle,mipnerf360,pose_center_p90_norm,negative,6,-0.6,-0.594932,random_seed001,random_seed001
mipnerf360_bicycle,mipnerf360,pose_rotation_mean_deg,negative,6,-0.714286,-0.837869,random_seed001,random_seed001
mipnerf360_bicycle,mipnerf360,pose_rotation_median_deg,negative,6,-0.885714,-0.814388,random_seed001,random_seed001
mipnerf360_bicycle,mipnerf360,pose_fov_abs_mean,negative,6,-0.142857,0.265629,random_seed001,random_seed001
mipnerf360_bicycle,mipnerf360,pointmap_l1_norm,negative,6,-0.657143,-0.763935,random_seed001,uniform
mipnerf360_bicycle,mipnerf360,pointmap_rmse_norm,negative,6,-0.6,-0.776468,random_seed001,random_seed003
mipnerf360_bicycle,mipnerf360,pointmap_median_norm,negative,6,-0.6,-0.555572,random_seed001,uniform
mipnerf360_bicycle,mipnerf360,pointmap_p90_norm,negative,6,-0.657143,-0.659224,random_seed001,random_seed003
mipnerf360_bonsai,mipnerf360,depth_absrel_mean,negative,6,-0.657143,-0.65024,random_seed001,uniform
mipnerf360_bonsai,mipnerf360,depth_absrel_median,negative,6,-0.485714,-0.507238,random_seed001,uniform
mipnerf360_bonsai,mipnerf360,depth_log_rmse,negative,6,-0.942857,-0.963605,random_seed001,uniform
mipnerf360_bonsai,mipnerf360,pose_center_rmse_norm,negative,6,-0.657143,-0.863395,random_seed001,uniform
mipnerf360_bonsai,mipnerf360,pose_center_median_norm,negative,6,-0.885714,-0.969984,random_seed001,uniform
mipnerf360_bonsai,mipnerf360,pose_center_p90_norm,negative,6,-0.771429,-0.915248,random_seed001,uniform
mipnerf360_bonsai,mipnerf360,pose_rotation_mean_deg,negative,6,-0.657143,-0.72804,random_seed001,uniform
mipnerf360_bonsai,mipnerf360,pose_rotation_median_deg,negative,6,-0.657143,-0.780196,random_seed001,uniform
mipnerf360_bonsai,mipnerf360,pose_fov_abs_mean,negative,6,-0.142857,-0.475396,random_seed001,uniform
mipnerf360_bonsai,mipnerf360,pointmap_l1_norm,negative,6,-0.942857,-0.908658,random_seed001,uniform
mipnerf360_bonsai,mipnerf360,pointmap_rmse_norm,negative,6,-0.542857,-0.533646,random_seed001,random_seed003
mipnerf360_bonsai,mipnerf360,pointmap_median_norm,negative,6,-0.885714,-0.932878,random_seed001,uniform
mipnerf360_bonsai,mipnerf360,pointmap_p90_norm,negative,6,-0.714286,-0.821451,random_seed001,uniform
mipnerf360_counter,mipnerf360,depth_absrel_mean,negative,6,-0.942857,-0.917245,random_seed001,uniform
mipnerf360_counter,mipnerf360,depth_absrel_median,negative,6,-1.0,-0.896606,random_seed001,random_seed001
mipnerf360_counter,mipnerf360,depth_log_rmse,negative,6,-0.942857,-0.957524,random_seed001,uniform
mipnerf360_counter,mipnerf360,pose_center_rmse_norm,negative,6,-0.257143,-0.509869,random_seed001,uniform
mipnerf360_counter,mipnerf360,pose_center_median_norm,negative,6,-0.428571,-0.629504,random_seed001,uniform
mipnerf360_counter,mipnerf360,pose_center_p90_norm,negative,6,-0.257143,-0.461223,random_seed001,uniform
mipnerf360_counter,mipnerf360,pose_rotation_mean_deg,negative,6,-0.771429,-0.357673,random_seed001,random_seed001
mipnerf360_counter,mipnerf360,pose_rotation_median_deg,negative,6,-0.542857,-0.369768,random_seed001,uniform
mipnerf360_counter,mipnerf360,pose_fov_abs_mean,negative,6,-0.657143,-0.701377,random_seed001,uniform
mipnerf360_counter,mipnerf360,pointmap_l1_norm,negative,6,-0.314286,-0.232249,random_seed001,uniform
mipnerf360_counter,mipnerf360,pointmap_rmse_norm,negative,6,-0.771429,-0.552748,random_seed001,uniform
mipnerf360_counter,mipnerf360,pointmap_median_norm,negative,6,-0.085714,-0.164105,random_seed001,uniform
mipnerf360_counter,mipnerf360,pointmap_p90_norm,negative,6,-0.142857,-0.266874,random_seed001,uniform
mipnerf360_flowers,mipnerf360,depth_absrel_mean,negative,6,-0.485714,-0.392432,random_seed001,random_seed001
mipnerf360_flowers,mipnerf360,depth_absrel_median,negative,6,-0.657143,-0.500928,random_seed001,random_seed003
mipnerf360_flowers,mipnerf360,depth_log_rmse,negative,6,-0.485714,-0.328478,random_seed001,random_seed001
mipnerf360_flowers,mipnerf360,pose_center_rmse_norm,negative,6,-0.428571,-0.407969,random_seed001,random_seed001
mipnerf360_flowers,mipnerf360,pose_center_median_norm,negative,6,-0.885714,-0.678115,random_seed001,random_seed001
mipnerf360_flowers,mipnerf360,pose_center_p90_norm,negative,6,-0.657143,-0.557091,random_seed001,random_seed003
mipnerf360_flowers,mipnerf360,pose_rotation_mean_deg,negative,6,-0.428571,-0.276292,random_seed001,random_seed001
mipnerf360_flowers,mipnerf360,pose_rotation_median_deg,negative,6,-0.314286,-0.27918,random_seed001,random_seed003
mipnerf360_flowers,mipnerf360,pose_fov_abs_mean,negative,6,-0.428571,-0.382774,random_seed001,random_seed001
mipnerf360_flowers,mipnerf360,pointmap_l1_norm,negative,6,-0.657143,-0.374264,random_seed001,random_seed001
mipnerf360_flowers,mipnerf360,pointmap_rmse_norm,negative,6,-0.714286,-0.528883,random_seed001,random_seed001
mipnerf360_flowers,mipnerf360,pointmap_median_norm,negative,6,-0.257143,-0.116837,random_seed001,uniform
mipnerf360_flowers,mipnerf360,pointmap_p90_norm,negative,6,-0.314286,-0.348639,random_seed001,random_seed003
mipnerf360_garden,mipnerf360,depth_absrel_mean,negative,6,-0.028571,0.35878,uniform,uniform
mipnerf360_garden,mipnerf360,depth_absrel_median,negative,6,-0.314286,-0.161086,uniform,uniform
mipnerf360_garden,mipnerf360,depth_log_rmse,negative,6,0.428571,0.622017,uniform,random_seed001
mipnerf360_garden,mipnerf360,pose_center_rmse_norm,negative,6,0.142857,0.214131,uniform,random_seed001
mipnerf360_garden,mipnerf360,pose_center_median_norm,negative,6,0.142857,0.236826,uniform,random_seed001
mipnerf360_garden,mipnerf360,pose_center_p90_norm,negative,6,0.142857,0.126222,uniform,random_seed001
mipnerf360_garden,mipnerf360,pose_rotation_mean_deg,negative,6,-0.085714,0.222797,uniform,uniform
mipnerf360_garden,mipnerf360,pose_rotation_median_deg,negative,6,-0.085714,0.163469,uniform,uniform
mipnerf360_garden,mipnerf360,pose_fov_abs_mean,negative,6,-0.885714,-0.890424,uniform,uniform
mipnerf360_garden,mipnerf360,pointmap_l1_norm,negative,6,0.485714,0.649694,uniform,random_seed003
mipnerf360_garden,mipnerf360,pointmap_rmse_norm,negative,6,0.714286,0.862968,uniform,random_seed001
mipnerf360_garden,mipnerf360,pointmap_median_norm,negative,6,0.428571,0.347655,uniform,random_seed003
mipnerf360_garden,mipnerf360,pointmap_p90_norm,negative,6,0.371429,0.701703,uniform,random_seed003
mipnerf360_kitchen,mipnerf360,depth_absrel_mean,negative,6,-0.371429,-0.230132,uniform,uniform
mipnerf360_kitchen,mipnerf360,depth_absrel_median,negative,6,-0.6,-0.210634,uniform,uniform
mipnerf360_kitchen,mipnerf360,depth_log_rmse,negative,6,-0.257143,-0.048392,uniform,random_seed000
mipnerf360_kitchen,mipnerf360,pose_center_rmse_norm,negative,6,-0.828571,-0.902113,uniform,uniform
mipnerf360_kitchen,mipnerf360,pose_center_median_norm,negative,6,-0.314286,-0.252811,uniform,uniform
mipnerf360_kitchen,mipnerf360,pose_center_p90_norm,negative,6,-0.542857,-0.265612,uniform,random_seed001
mipnerf360_kitchen,mipnerf360,pose_rotation_mean_deg,negative,6,-0.657143,-0.347058,uniform,uniform
mipnerf360_kitchen,mipnerf360,pose_rotation_median_deg,negative,6,-0.2,0.176703,uniform,uniform
mipnerf360_kitchen,mipnerf360,pose_fov_abs_mean,negative,6,-0.2,-0.335858,uniform,uniform
mipnerf360_kitchen,mipnerf360,pointmap_l1_norm,negative,6,-0.028571,0.077432,uniform,random_seed003
mipnerf360_kitchen,mipnerf360,pointmap_rmse_norm,negative,6,-0.771429,-0.744041,uniform,uniform
mipnerf360_kitchen,mipnerf360,pointmap_median_norm,negative,6,-0.028571,0.227466,uniform,random_seed003
mipnerf360_kitchen,mipnerf360,pointmap_p90_norm,negative,6,-0.771429,-0.515544,uniform,uniform
mipnerf360_room,mipnerf360,depth_absrel_mean,negative,6,-0.942857,-0.97989,uniform,uniform
mipnerf360_room,mipnerf360,depth_absrel_median,negative,6,-0.828571,-0.819689,uniform,uniform
mipnerf360_room,mipnerf360,depth_log_rmse,negative,6,-0.485714,-0.555811,uniform,uniform
mipnerf360_room,mipnerf360,pose_center_rmse_norm,negative,6,-0.428571,-0.577477,uniform,random_seed000
mipnerf360_room,mipnerf360,pose_center_median_norm,negative,6,-0.714286,-0.797637,uniform,uniform
mipnerf360_room,mipnerf360,pose_center_p90_norm,negative,6,-0.314286,-0.517688,uniform,random_seed001
mipnerf360_room,mipnerf360,pose_rotation_mean_deg,negative,6,-0.6,-0.779251,uniform,random_seed001
mipnerf360_room,mipnerf360,pose_rotation_median_deg,negative,6,-0.714286,-0.722858,uniform,uniform
mipnerf360_room,mipnerf360,pose_fov_abs_mean,negative,6,-0.428571,-0.667028,uniform,random_seed000
mipnerf360_room,mipnerf360,pointmap_l1_norm,negative,6,-0.314286,-0.267566,uniform,random_seed002
mipnerf360_room,mipnerf360,pointmap_rmse_norm,negative,6,-0.371429,-0.02197,uniform,uniform
mipnerf360_room,mipnerf360,pointmap_median_norm,negative,6,-0.142857,-0.202325,uniform,random_seed002
mipnerf360_room,mipnerf360,pointmap_p90_norm,negative,6,-0.542857,-0.280804,uniform,random_seed002
mipnerf360_stump,mipnerf360,depth_absrel_mean,negative,6,-0.028571,0.100873,uniform,uniform
mipnerf360_stump,mipnerf360,depth_absrel_median,negative,6,0.028571,0.112035,uniform,uniform
mipnerf360_stump,mipnerf360,depth_log_rmse,negative,6,-0.142857,-0.135671,uniform,random_seed001
mipnerf360_stump,mipnerf360,pose_center_rmse_norm,negative,6,-0.657143,-0.477201,uniform,random_seed004
mipnerf360_stump,mipnerf360,pose_center_median_norm,negative,6,-0.828571,-0.526042,uniform,random_seed004
mipnerf360_stump,mipnerf360,pose_center_p90_norm,negative,6,-0.542857,-0.636012,uniform,random_seed001
mipnerf360_stump,mipnerf360,pose_rotation_mean_deg,negative,6,-0.542857,-0.541944,uniform,random_seed001
mipnerf360_stump,mipnerf360,pose_rotation_median_deg,negative,6,-0.257143,-0.545615,uniform,random_seed001
mipnerf360_stump,mipnerf360,pose_fov_abs_mean,negative,6,0.2,0.407586,uniform,random_seed000
mipnerf360_stump,mipnerf360,pointmap_l1_norm,negative,6,-0.371429,-0.02277,uniform,uniform
mipnerf360_stump,mipnerf360,pointmap_rmse_norm,negative,6,-0.314286,-0.486178,uniform,uniform
mipnerf360_stump,mipnerf360,pointmap_median_norm,negative,6,-0.257143,0.159679,uniform,uniform
mipnerf360_stump,mipnerf360,pointmap_p90_norm,negative,6,-0.142857,-0.104362,uniform,uniform
mipnerf360_treehill,mipnerf360,depth_absrel_mean,negative,6,-0.257143,0.097681,uniform,random_seed001
mipnerf360_treehill,mipnerf360,depth_absrel_median,negative,6,0.428571,0.486769,uniform,random_seed003
mipnerf360_treehill,mipnerf360,depth_log_rmse,negative,6,-0.257143,-0.048578,uniform,random_seed001
mipnerf360_treehill,mipnerf360,pose_center_rmse_norm,negative,6,-0.542857,-0.331095,uniform,random_seed001
mipnerf360_treehill,mipnerf360,pose_center_median_norm,negative,6,-0.257143,-0.087699,uniform,uniform
mipnerf360_treehill,mipnerf360,pose_center_p90_norm,negative,6,-0.428571,-0.405388,uniform,random_seed001
mipnerf360_treehill,mipnerf360,pose_rotation_mean_deg,negative,6,-0.257143,-0.145322,uniform,uniform
mipnerf360_treehill,mipnerf360,pose_rotation_median_deg,negative,6,0.142857,0.215601,uniform,random_seed003
mipnerf360_treehill,mipnerf360,pose_fov_abs_mean,negative,6,0.314286,0.24633,uniform,random_seed000
mipnerf360_treehill,mipnerf360,pointmap_l1_norm,negative,6,-0.371429,-0.350825,uniform,uniform
mipnerf360_treehill,mipnerf360,pointmap_rmse_norm,negative,6,-0.714286,-0.591617,uniform,uniform
mipnerf360_treehill,mipnerf360,pointmap_median_norm,negative,6,-0.542857,-0.428053,uniform,uniform
mipnerf360_treehill,mipnerf360,pointmap_p90_norm,negative,6,-0.485714,-0.225544,uniform,uniform
tandt_train,tandt,depth_absrel_mean,negative,6,-0.6,-0.614856,uniform,uniform
tandt_train,tandt,depth_absrel_median,negative,6,-0.371429,-0.488249,uniform,uniform
tandt_train,tandt,depth_log_rmse,negative,6,-0.485714,-0.563908,uniform,uniform
tandt_train,tandt,pose_center_rmse_norm,negative,6,-0.657143,-0.524037,uniform,uniform
tandt_train,tandt,pose_center_median_norm,negative,6,-0.6,-0.698163,uniform,uniform
tandt_train,tandt,pose_center_p90_norm,negative,6,-0.942857,-0.968611,uniform,uniform
tandt_train,tandt,pose_rotation_mean_deg,negative,6,-0.542857,-0.306464,uniform,random_seed001
tandt_train,tandt,pose_rotation_median_deg,negative,6,-0.085714,-0.175409,uniform,random_seed002
tandt_train,tandt,pose_fov_abs_mean,negative,6,-0.314286,-0.175511,uniform,uniform
tandt_train,tandt,pointmap_l1_norm,negative,6,-0.6,-0.569226,uniform,uniform
tandt_train,tandt,pointmap_rmse_norm,negative,6,-0.314286,-0.436552,uniform,uniform
tandt_train,tandt,pointmap_median_norm,negative,6,-0.485714,-0.57196,uniform,uniform
tandt_train,tandt,pointmap_p90_norm,negative,6,-0.6,-0.401881,uniform,uniform
tandt_truck,tandt,depth_absrel_mean,negative,6,-0.942857,-0.900315,uniform,uniform
tandt_truck,tandt,depth_absrel_median,negative,6,-0.6,-0.483703,uniform,uniform
tandt_truck,tandt,depth_log_rmse,negative,6,-0.085714,0.074732,uniform,random_seed001
tandt_truck,tandt,pose_center_rmse_norm,negative,6,-0.657143,-0.729841,uniform,uniform
tandt_truck,tandt,pose_center_median_norm,negative,6,-0.771429,-0.588609,uniform,uniform
tandt_truck,tandt,pose_center_p90_norm,negative,6,-0.542857,-0.850033,uniform,random_seed002
tandt_truck,tandt,pose_rotation_mean_deg,negative,6,-0.771429,-0.543076,uniform,random_seed002
tandt_truck,tandt,pose_rotation_median_deg,negative,6,-0.657143,-0.652222,uniform,random_seed002
tandt_truck,tandt,pose_fov_abs_mean,negative,6,-0.485714,-0.365096,uniform,uniform
tandt_truck,tandt,pointmap_l1_norm,negative,6,-0.714286,-0.36837,uniform,uniform
tandt_truck,tandt,pointmap_rmse_norm,negative,6,-0.542857,-0.474558,uniform,random_seed001
tandt_truck,tandt,pointmap_median_norm,negative,6,-0.714286,-0.326048,uniform,uniform
tandt_truck,tandt,pointmap_p90_norm,negative,6,-0.6,-0.309704,uniform,uniform
